keyword,frequency
app,5700
depop,3601
love,1802
items,1727
like,1606
get,1441
great,1299
would,1136
people,1135
's,1088
really,1078
item,1070
use,1031
sell,1026
n't,1025
account,1003
selling,962
make,957
money,955
paypal,919
seller,913
even,912
sellers,911
back,871
easy,852
also,851
things,845
time,841
shipping,832
way,796
one,782
new,750
buy,740
never,727
much,699
find,690
good,654
sold,645
please,616
â€œ,608
many,597
â€,596
clothes,579
see,574
update,573
want,564
using,557
could,550
something,539
lot,539
still,531
page,512
go,510
help,484
search,482
anything,475
've,463
customer,459
every,458
stuff,455
got,452
fix,452
used,451
tried,451
buyer,445
let,429
made,428
service,423
buying,410
super,393
take,382
better,378
know,377
try,375
think,372
times,367
...,358
able,357
always,353
buyers,348
wish,346
shop,345
bought,340
email,332
price,328
nothing,326
makes,324
first,321
problem,320
everything,320
need,319
since,317
apps,317
well,317
thing,316
post,313
already,312
amazing,311
work,311
issue,308
look,305
annoying,304
phone,302
clothing,302
'm,295
trying,284
looking,282
recommend,281
purchase,278
10,277
someone,276
sales,275
nice,275
getting,274
however,268
takes,266
option,266
cool,264
best,263
refund,263
put,261
ever,257
hard,256
explore,254
number,253
support,252
pay,252
poshmark,246
open,245
going,242
vintage,241
far,237
``,236
fees,236
though,236
click,235
2,235
ship,234
users,232
says,229
top,229
overall,227
prices,227
'',227
change,227
user,226
say,225
reviews,223
making,222
review,220
issues,220
messages,220
sale,220
keep,220
give,218
pretty,217
said,216
days,216
log,215
community,215
fee,215
add,211
send,210
3,210
sure,209
actually,208
little,207
deleted,206
experience,205
notifications,205
months,203
needs,202
feature,201
multiple,200
instagram,200
instead,199
right,199
fun,198
5,197
shopping,196
sometimes,196
reason,196
another,196
received,196
message,194
recently,192
everyone,191
without,191
two,189
day,188
ca,186
sent,185
found,184
place,184
yet,183
photos,183
awesome,183
saying,182
listing,182
contact,182
almost,181
easier,180
scammers,179
platform,178
absolutely,177
old,177
literally,175
feel,175
payment,173
scammed,172
frustrating,170
away,169
bad,169
years,169
ago,168
keeps,168
label,167
notification,165
different,164
sign,162
size,160
accounts,159
ebay,157
definitely,156
response,155
weeks,155
store,153
crashes,153
password,153
receive,152
friendly,152
show,151
listings,151
purchased,151
4,149
problems,149
hate,148
mercari,146
less,145
seems,144
pictures,144
leave,143
favorite,143
wrong,140
unique,139
simple,139
week,139
works,139
brand,138
took,137
online,137
fixed,137
likes,136
started,136
anymore,136
shipped,136
long,135
guys,135
kind,135
amount,135
went,133
come,133
stars,133
thrift,132
year,132
filter,131
honestly,131
layout,130
hope,130
etc,130
delete,129
scroll,129
feedback,129
us,129
scam,128
check,128
're,127
cute,127
small,127
person,126
order,126
either,125
purchases,124
terrible,124
care,124
working,123
couple,123
difficult,123
horrible,122
whole,122
cheap,120
start,120
else,120
error,120
gets,119
done,119
button,119
list,118
crashing,118
process,118
anyone,118
big,118
helpful,118
team,116
updated,116
set,115
customers,115
especially,114
told,114
thanks,114
fashion,114
last,114
posts,114
end,114
fast,113
scrolling,112
gotten,111
tell,111
sizes,111
site,110
address,110
maybe,110
paid,110
products,109
taken,109
1,109
worth,109
around,109
month,109
shops,108
feed,107
lost,107
wo,106
product,104
bugs,104
style,103
bit,103
high,103
screen,103
extra,102
business,102
load,102
thank,101
several,100
least,100
later,100
bc,100
design,100
emails,99
ridiculous,99
constantly,99
seen,99
contacted,99
featured,99
extremely,98
view,98
understand,98
pieces,98
offer,97
basically,96
respond,96
options,96
save,96
specific,95
taking,95
others,95
point,95
transaction,94
completely,94
soon,94
perfect,93
protection,93
follow,93
navigate,92
shoes,92
deleting,92
quality,92
free,92
allow,92
liked,91
fine,91
tracking,91
create,91
awful,91
idea,90
seem,90
brands,89
read,89
huge,88
second,88
goes,88
quite,88
changed,88
enough,87
system,87
wanted,86
loved,86
wait,86
often,85
highly,85
edit,85
enjoy,85
probably,84
past,84
finding,84
u,84
stop,84
purchasing,83
followers,83
emailed,83
looks,82
profile,82
recent,82
longer,82
listed,82
'd,81
asking,81
cant,81
interface,81
thought,81
today,81
part,81
updates,81
results,81
glitches,81
usually,81
verified,80
bank,80
friends,80
happy,80
left,80
full,79
downloaded,79
plus,79
hours,78
due,78
logged,78
half,78
download,78
lots,78
within,78
happened,77
unless,77
whenever,77
access,77
report,77
worst,77
star,76
certain,76
otherwise,75
100,75
searching,75
suspended,75
three,75
disappointed,75
giving,75
section,74
ask,74
im,74
choose,73
removed,73
impossible,73
fact,73
next,73
quick,73
transactions,73
etsy,72
closet,72
safe,72
card,71
algorithm,71
version,71
comes,71
login,71
'll,71
single,71
sort,71
labels,71
na,70
deals,70
matter,69
bug,69
real,69
dont,69
company,68
info,67
rather,67
reset,67
noticed,67
similar,66
asked,66
charge,66
confusing,66
hand,66
20,66
close,66
features,66
tags,66
decided,65
home,65
website,65
lol,65
fair,65
minutes,65
information,65
might,64
deal,64
continue,64
dispute,64
glitch,64
although,63
available,63
hold,63
drop,63
description,63
shows,63
easily,63
spend,62
allows,62
banned,62
experiences,62
cash,62
name,61
recommended,61
rules,61
facebook,61
waste,61
dollars,61
seeing,61
gone,61
seriously,61
automatically,61
finds,60
stores,60
kept,60
low,59
6,59
whatever,59
telling,59
following,59
connect,58
gave,58
become,58
apple,58
reply,58
came,58
package,57
worked,57
photo,57
changes,56
twice,56
ive,56
may,56
ugly,56
bring,55
shirt,55
refunded,55
forever,55
helped,55
type,55
chance,54
finally,54
wont,54
payments,54
rude,54
simply,54
profit,53
wonderful,53
cost,53
rid,53
thrifting,53
decent,53
life,53
careful,53
exposure,53
refresh,53
filters,53
interested,53
bunch,53
popular,52
red,52
posted,52
personal,51
posting,51
fake,51
reported,51
communicate,51
complaints,50
happens,50
via,50
convenient,50
30,50
honest,50
mention,50
questions,50
sense,49
slow,49
ordered,49
actual,49
concept,49
totally,49
feels,49
charged,49
lose,49
allowed,48
mark,48
personally,48
social,48
possible,48
turn,48
example,48
ended,47
heard,47
staff,47
font,47
complaint,47
messaging,47
harder,47
directly,47
based,47
active,47
truly,47
believe,47
total,47
entire,47
immediately,47
orders,47
expensive,47
iphone,47
means,46
gives,46
ability,46
run,46
ones,46
none,46
comments,46
exactly,45
smaller,45
potential,45
format,45
category,45
cause,45
incredibly,45
scammer,45
trouble,45
worse,44
needed,44
unable,44
paying,44
responded,44
idk,44
spam,44
excited,44
useful,44
picture,44
saved,44
figure,44
reasonable,44
added,44
freezes,44
variety,43
private,43
besides,43
hashtags,43
write,43
fit,43
guess,43
asap,43
searches,43
percentage,43
everytime,42
claim,42
frustrated,42
answer,42
logging,42
aesthetic,42
platforms,42
random,42
zero,42
avoid,42
upload,42
call,42
tons,42
styles,42
negative,42
messaged,42
return,41
happen,41
appreciate,41
select,41
opinion,41
supposed,41
reach,41
rate,41
case,41
quickly,41
side,41
job,41
suggest,41
blocked,41
five,41
straight,41
putting,40
bottom,40
happening,40
clean,40
losing,40
50,40
print,40
major,40
showing,40
resolved,40
okay,40
improvement,40
proof,40
sweet,39
loading,39
mind,39
wear,39
kinda,39
except,39
waiting,39
spent,39
original,39
communication,39
buggy,39
browsing,38
helps,38
wan,38
usps,38
stupid,38
currently,38
move,38
barely,38
large,38
letting,38
reached,38
provide,37
adding,37
stay,37
affordable,37
outside,37
video,37
given,37
looked,37
tag,37
rare,37
offers,36
sending,36
clear,36
across,36
shirts,36
ways,36
brandy,36
obviously,36
yes,36
hopefully,35
unfortunately,35
automated,35
sad,35
useless,35
girl,35
live,35
creative,35
famous,35
ok,35
warning,35
everyday,35
8,35
â€˜,35
four,35
remove,34
glitching,34
world,34
pages,34
mode,34
somehow,34
income,34
glitchy,34
scamming,34
beware,34
share,34
prefer,34
future,34
main,34
limited,34
leaving,34
accessories,34
anywhere,33
hassle,33
coming,33
activity,33
lower,33
trust,33
receiving,33
updating,33
lately,33
7,33
computer,33
cheaper,33
unfair,33
credit,33
gon,33
improve,33
saw,33
10/10,33
tab,33
browse,33
luck,33
ipad,33
contacting,33
together,33
lets,32
white,32
include,32
rating,32
garbage,32
sells,32
stopped,32
disappointing,32
randomly,32
despite,32
settings,32
pair,32
experienced,32
unlike,32
friend,32
cancel,32
media,31
trendy,31
method,31
suggestions,31
whether,31
mean,31
considering,31
efficient,31
ton,31
resell,31
checked,31
clearly,31
pop,31
awhile,31
completed,31
mostly,31
categories,31
selection,30
majority,30
dope,30
crash,30
miss,30
fault,30
poor,30
text,30
complete,30
color,30
per,30
upset,30
dress,30
file,30
policy,30
must,29
commission,29
bag,29
dark,29
reading,29
charges,29
anyways,29
function,29
receipts,29
compared,29
talk,29
buys,29
sites,29
exit,29
state,29
secure,29
running,29
aware,29
+,29
terms,28
details,28
complicated,28
depops,28
created,28
guidelines,28
market,28
pal,28
correct,28
higher,28
frequently,28
crazy,28
reselling,28
legit,28
resolve,28
funds,28
packages,28
sorry,28
fan,28
direct,28
word,28
enjoyed,28
mine,28
previous,28
retail,28
helping,28
bother,28
expect,28
â¤ï¸,28
excellent,28
id,28
missing,28
promote,28
wants,28
showed,27
crap,27
individual,27
setting,27
reliable,27
fantastic,27
200,27
grow,27
positive,27
starting,27
enter,27
handle,27
suggestion,27
joke,27
venmo,27
protected,27
condition,27
beginning,27
likely,27
tap,27
policies,27
situation,27
changing,27
failed,27
wifi,27
block,27
pants,26
link,26
vinted,26
24,26
nearly,26
anyway,26
ur,26
developers,26
pick,26
comment,26
bundle,26
closes,26
stick,26
along,26
forgot,26
9,26
weird,26
improvements,26
country,26
manually,26
costs,26
pls,26
allowing,26
followed,26
creating,26
eyes,26
mobile,26
scams,26
including,25
course,25
dna,25
thinking,25
accept,25
space,25
descriptions,25
inactive,25
12,25
twitter,25
15,25
inconvenient,25
closing,25
connected,25
refunds,25
eventually,25
true,25
lack,25
irritating,25
watermelon,25
numbers,25
icon,25
resale,25
sugar,25
whatsoever,25
turned,25
claims,25
clicking,25
effort,25
brings,25
provided,25
oops,25
remember,25
tells,25
ppl,24
keeping,24
addicting,24
daily,24
reporting,24
men,24
invalid,24
forward,24
satisfied,24
stuck,24
username,24
loving,24
wide,24
cut,24
aliexpress,24
filled,24
priced,24
office,24
consider,24
willing,24
wanting,23
90,23
thousands,23
continues,23
w,23
location,23
regarding,23
sustainable,23
press,23
successful,23
images,23
beautiful,23
perfectly,23
uk,23
knowing,23
absolute,23
exact,23
limit,23
interesting,23
redownloaded,23
opened,23
professional,23
beyond,23
searched,23
obsessed,23
verify,23
posh,23
art,23
properly,23
bar,23
hear,23
god,23
disappear,23
swipe,23
protect,23
annoyed,22
cart,22
0,22
responding,22
notice,22
technical,22
writing,22
responses,22
nowhere,22
lovely,22
marked,22
international,22
melville,22
tired,22
traffic,22
doesnt,22
piece,22
delivered,22
nobody,22
dropshipping,21
pics,21
shut,21
therefore,21
aside,21
oh,21
called,21
gain,21
thrifted,21
hour,21
suddenly,21
forget,21
automatic,21
grailed,21
mail,21
serious,21
jewelry,21
increase,21
question,21
watch,21
blah,21
hoping,21
women,21
ğŸ’•,21
current,21
numerous,21
in-app,21
black,21
appear,21
short,21
operation,21
warn,21
pays,21
uses,21
minor,21
talking,21
mad,21
hundreds,21
plenty,21
blank,21
source,21
sends,20
fairly,20
smooth,20
emailing,20
attention,20
arrived,20
thats,20
signed,20
focus,20
latest,20
girls,20
trash,20
dropshippers,20
apparently,20
local,20
theres,20
hacked,20
refuse,20
agree,20
rest,20
addicted,20
handmade,20
signing,20
sketchy,20
image,20
liking,20
important,20
biggest,20
pending,20
described,20
sick,19
ripped,19
separate,19
summer,19
attempt,19
closed,19
young,19
steps,19
date,19
specifically,19
tries,19
wardrobe,19
debit,19
addition,19
late,19
kids,19
shippers,19
yeah,19
designer,19
base,19
middle,19
dumb,19
pleasing,19
filtering,19
organized,19
pocket,19
glad,19
words,19
confused,19
line,19
marketplace,19
downloading,19
reinstalled,19
hit,19
profiles,19
collections,19
tagging,19
80,19
room,19
fixing,19
bundles,19
accidentally,19
listen,19
checking,19
reasons,19
types,18
forth,18
shown,18
ignore,18
genuinely,18
costumer,18
ruined,18
everywhere,18
family,18
trade,18
risk,18
meet,18
poorly,18
request,18
seconds,18
environment,18
earrings,18
related,18
behind,18
videos,18
control,18
smoothly,18
hi,18
trustworthy,18
receipt,18
clicked,18
near,18
sweater,18
colors,18
selected,18
seemed,18
morning,18
unprofessional,18
desktop,18
caused,18
40,18
bigger,18
form,17
makeup,17
unusable,17
meaning,17
somewhere,17
hands,17
rearrange,17
adore,17
chat,17
notified,17
11,17
buying/selling,17
intuitive,17
tech,17
chose,17
flaws,17
realize,17
loads,17
bucks,17
range,17
refuses,17
interact,17
advertised,17
pricing,17
tho,17
restarted,17
transfer,17
touch,17
felt,17
explain,17
moment,17
track,17
ease,17
advice,17
messed,17
permanently,17
general,17
secondhand,17
irrelevant,17
dealing,17
reinstalling,17
complain,17
accessible,17
lie,17
action,16
relevant,16
party,16
answers,16
wrote,16
improving,16
ratings,16
anybody,16
dealt,16
greatly,16
keywords,16
opening,16
dislike,16
default,16
mainly,16
hey,16
percent,16
moving,16
larger,16
nightmare,16
restarting,16
buttons,16
depending,16
tend,16
regular,16
ignored,16
linked,16
data,16
entirely,16
gems,16
switch,16
unrelated,16
cover,16
older,16
eye,16
originally,16
ig,16
realized,16
choice,16
push,16
complaining,16
stand,16
discover,16
tbh,16
authentic,16
ready,16
portion,16
..,16
swap,16
angry,15
instantly,15
manner,15
safer,15
generally,15
goodwill,15
jeans,15
checkout,15
correctly,15
alternative,15
300,15
filed,15
60,15
knows,15
forced,15
aesthetically,15
opportunity,15
rarely,15
copy,15
accurate,15
yesterday,15
buy/sell,15
camera,15
services,15
common,15
claimed,15
living,15
stock,15
lucky,15
success,15
constant,15
encountered,15
college,15
turns,15
history,15
force,15
mistake,15
tedious,15
rule,15
bs,15
n,15
overpriced,15
negotiate,15
plan,15
previously,15
brought,15
merch,15
logo,15
mess,15
ios,15
benefit,15
diverse,15
charging,15
faster,15
refreshing,15
guy,15
pops,15
story,15
broken,15
throughout,15
hell,15
refused,15
earnings,15
tips,15
area,15
hashtag,14
normally,14
merchandise,14
ignoring,14
safety,14
thru,14
understanding,14
upon,14
replied,14
fav,14
adds,14
ten,14
clunky,14
group,14
starts,14
model,14
confirmed,14
runs,14
require,14
logs,14
towards,14
provides,14
ui,14
newest,14
bio,14
heck,14
bubble,14
laptop,14
break,14
joined,14
step,14
breaking,14
shame,14
false,14
crashed,14
max,14
counterfeit,14
neither,14
responsibility,14
continuously,14
comfortable,14
dms,14
express,14
setup,14
screwed,14
creativity,14
designed,14
leaves,14
advertising,14
wasted,14
title,14
ensure,14
met,14
obvious,14
improved,14
kicked,13
prevent,13
possibly,13
businesses,13
sudden,13
browser,13
simplicity,13
connection,13
becoming,13
unhelpful,13
stating,13
web,13
school,13
spot,13
downside,13
sadly,13
sizing,13
explorer,13
cuz,13
timely,13
decide,13
became,13
saving,13
explained,13
consistent,13
vibe,13
earn,13
18,13
usernames,13
locked,13
puts,13
didnt,13
places,13
goods,13
advantage,13
pull,13
modern,13
solution,13
dm,13
developer,13
thus,13
onto,13
explanation,13
hello,13
switching,13
ğŸ˜Š,13
removing,13
guarantee,13
basic,13
deep,13
hardly,13
feeling,13
earned,13
quicker,13
ya,13
25,13
corner,13
notify,13
tagged,13
reaching,13
third,13
errors,13
--,13
fits,13
returns,13
regardless,13
consistently,13
spending,13
ta,13
audience,13
owners,13
collection,13
inspiration,13
offered,13
21,12
unnecessary,12
chosen,12
names,12
profits,12
af,12
websites,12
alone,12
tops,12
slightly,12
responds,12
stolen,12
manage,12
odd,12
daughter,12
supporting,12
exchange,12
application,12
luv,12
treat,12
creators,12
house,12
viewing,12
boots,12
input,12
functions,12
afford,12
freeze,12
purpose,12
1000,12
build,12
recommendations,12
views,12
included,12
causes,12
requests,12
disappeared,12
inconvenience,12
neat,12
non,12
displayed,12
frequent,12
17,12
unisex,12
exist,12
written,12
suspension,12
excessive,12
replies,12
rip,12
fixes,12
curated,12
row,12
known,12
x,12
implemented,12
knew,12
supposedly,12
normal,12
familiar,12
asks,12
states,12
pain,12
alert,12
generic,12
paste,12
junk,12
hopes,12
acc,12
steal,12
content,12
countless,12
surprised,12
special,12
incredible,12
mentioned,12
â€”,12
smart,12
sooo,12
re-downloaded,12
accepted,12
bright,12
favor,11
advertise,11
preferred,11
building,11
ships,11
typically,11
learn,11
security,11
terribly,11
newer,11
scheme,11
display,11
replying,11
chunk,11
managed,11
freezing,11
upgrade,11
consuming,11
note,11
150,11
redownloading,11
recognize,11
grown,11
placed,11
weight,11
appealing,11
disputes,11
calling,11
perhaps,11
man,11
teenagers,11
instant,11
particular,11
sitting,11
began,11
street,11
hide,11
flaw,11
guest,11
worldwide,11
shorts,11
bothers,11
interests,11
soooo,11
interest,11
anytime,11
doubt,11
ban,11
instructions,11
discount,11
individuals,11
newly,11
hidden,11
practically,11
reality,11
stated,11
release,11
dollar,11
front,11
wow,11
self,11
unread,11
enjoyable,11
required,11
built,11
unreliable,11
expected,11
blame,11
creates,11
ux,11
match,11
consideration,11
insane,11
kicks,11
headache,11
deserve,11
employees,11
editing,11
spamming,11
figured,11
14,10
turning,10
recommending,10
tool,10
shipment,10
2-3,10
violated,10
offering,10
appears,10
grateful,10
scrolled,10
energy,10
urban,10
younger,10
y2k,10
pro,10
90s,10
bye,10
appeal,10
somebody,10
fraud,10
follows,10
stops,10
student,10
rad,10
concerns,10
methods,10
lags,10
solved,10
hat,10
yea,10
redownload,10
impressed,10
omg,10
shopper,10
smoother,10
relatively,10
internet,10
catch,10
disabled,10
b,10
lazy,10
giant,10
theme,10
elsewhere,10
period,10
dot,10
roll,10
shoppers,10
connecting,10
band,10
70,10
inventory,10
ideal,10
key,10
upsetting,10
act,10
taste,10
attempted,10
center,10
letters,10
informed,10
box,10
loves,10
luckily,10
face,10
typing,10
viewed,10
respect,10
unresponsive,10
covid,10
holding,10
keyboard,10
wondering,10
inaccurate,10
confirm,10
user-friendly,10
talked,10
measurements,10
selling/buying,10
occasions,9
complained,9
hideous,9
popularity,9
and/or,9
screenshots,9
f,9
diversity,9
pass,9
moved,9
necessary,9
workers,9
teens,9
picks,9
frustration,9
budget,9
buyer/seller,9
conversation,9
biased,9
chances,9
providing,9
lying,9
keyword,9
finish,9
abuse,9
members,9
ages,9
fraudulent,9
enjoying,9
raised,9
age,9
pros,9
aspect,9
rlly,9
bot,9
worry,9
perspective,9
shot,9
sound,9
supports,9
shutting,9
suspend,9
warned,9
deducted,9
quantity,9
loyal,9
app-,9
wise,9
sustainability,9
navigation,9
simplistic,9
experiencing,9
jump,9
fakes,9
conditions,9
reports,9
regret,9
waited,9
funny,9
claiming,9
functionality,9
tee,9
reputation,9
code,9
record,9
nope,9
raise,9
repost,9
answered,9
result,9
saves,9
pleased,9
resetting,9
16,9
buyers/sellers,9
ran,9
additional,9
value,9
assistance,9
deposit,9
crappy,9
lil,9
ugh,9
resellers,9
prior,9
successfully,9
pm,9
square,9
promise,9
average,9
patient,9
i.e,9
individually,9
l,9
earlier,9
responsive,9
engagement,9
night,9
hurts,9
cluttered,9
picked,9
popping,9
suggested,9
fail,9
refreshed,9
requires,9
internationally,9
stays,9
stretched,8
apply,8
disappears,8
def,8
handled,8
harsh,8
resolution,8
board,8
ad,8
sections,8
generate,8
passwords,8
uninstall,8
accurately,8
broke,8
points,8
meant,8
currency,8
mins,8
hella,8
organize,8
advise,8
prepaid,8
flagged,8
treasures,8
reposting,8
retro,8
laggy,8
prove,8
everybody,8
pandemic,8
restart,8
outfitters,8
bots,8
causing,8
featuring,8
strange,8
payed,8
amounts,8
ads,8
region,8
wary,8
window,8
ups,8
cleaning,8
essentially,8
heart,8
doc,8
absurd,8
ğŸ˜­,8
suppose,8
cons,8
auto,8
drop-shipping,8
rated,8
aesthetics,8
ruins,8
recycling,8
cutest,8
arrange,8
ğŸ¥º,8
wayyyy,8
cares,8
sorting,8
scrolls,8
1.,8
repeatedly,8
edited,8
regularly,8
final,8
ex,8
children,8
discounted,8
concern,8
accepting,8
parents,8
hire,8
attached,8
handful,8
ordering,8
solid,8
loss,8
reminds,8
outrageous,8
jobs,8
happier,8
caters,8
pic,8
discovered,8
overpricing,8
solve,8
hundred,8
rely,8
algorithms,8
busy,8
fellow,8
nonexistent,8
various,8
supportive,8
occasionally,8
35,8
custom,8
interaction,8
soo,8
china,8
y'all,8
incorrect,8
tailored,8
preferences,8
safely,8
imo,8
sounds,8
shuts,8
avail,8
term,8
communicating,8
whoever,8
fire,8
accountable,8
45,8
admit,8
minimal,8
blaming,8
speak,8
trends,8
postage,8
delivery,8
companies,8
tax,8
shady,8
hip,8
woman,8
minimum,8
pressing,8
growing,8
iv,8
returned,8
isnt,8
smh,8
youre,8
thumb,8
addictive,7
verification,7
purposely,7
whose,7
mistakes,7
depends,7
exists,7
3rd,7
genuine,7
blocking,7
pointless,7
ideas,7
jacket,7
vendor,7
interactions,7
canceled,7
intended,7
letgo,7
fall,7
consignment,7
occasional,7
attempting,7
straightforward,7
adorable,7
stories,7
48,7
stylish,7
min,7
associated,7
plain,7
narrow,7
grid,7
promoting,7
stealing,7
fonts,7
articles,7
recognition,7
electronics,7
strict,7
gifts,7
adjust,7
rn,7
music,7
visible,7
loosing,7
uploading,7
nasty,7
separately,7
ends,7
describe,7
swear,7
death,7
afraid,7
homepage,7
wonder,7
necklace,7
mom,7
cards,7
slide,7
owner,7
13,7
treated,7
returning,7
generated,7
inquiry,7
aggravating,7
earth,7
re-downloading,7
effective,7
ruin,7
strong,7
stress,7
harassed,7
ball,7
respectful,7
continually,7
alike,7
disappointment,7
dresses,7
iso,7
kinds,7
interactive,7
ğŸ‘,7
deactivated,7
trusted,7
artist,7
game,7
opportunities,7
issued,7
chinese,7
medium,7
fully,7
bringing,7
decline,7
minute,7
lied,7
garage,7
tees,7
remain,7
sorted,7
wallet,7
functional,7
explaining,7
criticism,7
alright,7
seven,7
fill,7
wasting,7
occurred,7
lag,7
discouraging,7
massive,7
fresh,7
lastly,7
functioning,7
kidding,7
planet,7
potentially,7
initially,7
double,7
struggling,7
concerned,7
denied,7
sustainably,7
greedy,7
status,7
highğŸƒ,7
secondly,7
2.,7
threatened,7
member,7
dig,7
tastes,7
expecting,7
comfort,7
choosing,7
kinks,7
countries,7
1-2,7
incident,7
understandable,7
planning,7
typed,7
whatnot,7
pleasant,7
visit,7
unhappy,7
shoe,6
research,6
balance,6
sit,6
easiest,6
birthday,6
entering,6
unknown,6
lacking,6
fear,6
safest,6
decisions,6
gucci,6
abusive,6
public,6
albums,6
reps,6
clue,6
swapping,6
laid,6
acceptable,6
responsible,6
dream,6
resets,6
speaking,6
hurt,6
difficulties,6
language,6
fave,6
affecting,6
additionally,6
re-download,6
engine,6
drafts,6
discounts,6
violate,6
dozens,6
relist,6
begin,6
â€¢,6
device,6
marketing,6
boring,6
nowadays,6
bold,6
devices,6
lacks,6
links,6
lame,6
lightly,6
uploaded,6
freaking,6
promotion,6
missed,6
lagging,6
violating,6
woke,6
selections,6
artists,6
900,6
appearance,6
confirmation,6
imagine,6
fb,6
uninstalled,6
pathetic,6
official,6
body,6
seller/buyer,6
reinstall,6
suspicious,6
implement,6
coolest,6
pinterest,6
entered,6
thumbnail,6
peoples,6
minus,6
re-list,6
requested,6
switched,6
knowledge,6
bloggers,6
worried,6
ignores,6
nicer,6
locks,6
yall,6
follower,6
reviewers,6
deserves,6
excuse,6
outfits,6
badge,6
submit,6
maneuver,6
10x,6
whats,6
havent,6
stains,6
models,6
head,6
e,6
lay,6
streetwear,6
unwanted,6
personalized,6
trend,6
stressful,6
refunding,6
retry,6
polite,6
unethical,6
june,6
exclusive,6
goodbye,6
goodies,6
dramatically,6
forces,6
led,6
interacted,6
favoritism,6
dangerous,6
threads,6
scared,6
avid,6
promoted,6
becomes,6
redesign,6
flat,6
encouraged,6
raising,6
tacky,6
reopen,6
regulations,6
insta,6
deletes,6
worn,6
baby,6
martens,6
sift,6
increasingly,6
curate,6
meets,6
prepared,6
captions,6
protecting,6
pricey,6
trading,6
bummer,6
disgusting,6
ğŸ¥°,6
ahead,6
inside,6
lovers,6
favorites,6
bagged,6
actively,6
gear,6
communities,6
usual,6
held,6
inform,6
stayed,6
recommendation,6
enable,6
ğŸ™„,6
mix,6
unnoticed,6
misleading,6
hackers,6
desired,6
unfortunate,6
yo,6
nicely,6
difficulty,6
sharing,6
fell,6
class,6
saturated,6
dropped,6
stole,6
recover,6
xoxo,6
feeds,6
refreshes,6
risky,6
g,6
behavior,6
preference,6
million,6
quit,6
aggressive,6
choices,6
hoops,6
3-4,6
damaged,6
covered,6
fails,6
belt,6
80s,6
a+,6
4.50,6
horrendous,6
shein,6
span,6
flooded,5
500,5
lowered,5
ipads,5
crop,5
haha,5
caution,5
caption,5
storage,5
persons,5
digging,5
arrow,5
addresses,5
depend,5
wouldnt,5
labeled,5
encourages,5
sweaters,5
according,5
assuming,5
defeats,5
worthy,5
basis,5
empty,5
ridiculously,5
weekly,5
resin,5
xs,5
submitted,5
lowering,5
cashapp,5
unused,5
=,5
parts,5
2020,5
tip,5
â¤ï¸â¤ï¸â¤ï¸,5
genius,5
2018,5
hobby,5
fed,5
opposite,5
6s,5
opens,5
plz,5
ğŸ’–,5
library,5
tough,5
frankly,5
sometime,5
loose,5
replace,5
spammers,5
ğŸ˜,5
inconsistent,5
unacceptable,5
permission,5
alerts,5
unsafe,5
priority,5
downhill,5
â˜ºï¸,5
amazingly,5
decision,5
reactivate,5
vibes,5
c,5
gross,5
70s,5
modeling,5
career,5
couldnt,5
placement,5
tight,5
launch,5
sized,5
tank,5
killing,5
atmosphere,5
purse,5
bookmarks,5
encounter,5
encourage,5
playing,5
supreme,5
revert,5
huh,5
draft,5
article,5
likers,5
bf,5
occurs,5
thankfully,5
outlet,5
screens,5
server,5
installed,5
costed,5
verifying,5
reddit,5
drop-shippers,5
damage,5
2017,5
necessarily,5
slowly,5
struggle,5
3x,5
desperate,5
hacking,5
60+,5
versions,5
approved,5
culture,5
holidays,5
certainly,5
ending,5
project,5
uninstalling,5
consequences,5
desire,5
1st,5
idiots,5
authentication,5
niche,5
focused,5
wasnt,5
early,5
gender,5
strictly,5
drastically,5
plans,5
lady,5
filtered,5
efficiently,5
cosmetics,5
bills,5
album,5
buffalo,5
usa,5
listening,5
lowball,5
stickers,5
consumers,5
addressed,5
formatting,5
evidence,5
somewhat,5
directions,5
reduce,5
sensitive,5
packaging,5
thousand,5
hearing,5
released,5
blocky,5
messing,5
bulky,5
holds,5
faq,5
2.9,5
slight,5
friday,5
suffer,5
traction,5
cyber,5
vision,5
incase,5
vacation,5
menu,5
police,5
3.,5
400,5
merc,5
dosent,5
â­ï¸,5
tends,5
inappropriate,5
strongly,5
unpleasant,5
bags,5
surprise,5
lit,5
commenting,5
overprice,5
hill,5
proper,5
welcoming,5
exploring,5
vs,5
4-5,5
filing,5
solutions,5
inspired,5
hoodie,5
ultimately,5
shopped,5
w/,5
opposed,5
mall,5
existent,5
addiction,5
meanwhile,5
google,5
cent,5
organization,5
icons,5
detail,5
fraction,5
relationship,5
vendors,5
trades,5
passion,5
event,5
messy,5
delayed,5
toxic,5
catered,5
bothered,5
apart,5
light,5
develop,5
stained,5
comparison,5
transparency,5
arrive,5
child,5
blatantly,5
reduced,5
gift,5
tracked,5
heavy,5
conduct,5
till,5
notifying,5
ap,5
messes,5
gaining,5
horrid,5
trending,5
play,5
processed,5
ongoing,5
lies,5
appreciated,5
negatives,5
includes,5
harassment,5
desperately,5
thinks,5
customize,5
human,5
beg,5
lines,5
moms,5
annoyance,5
insanely,5
unappealing,5
threaten,5
alot,5
obtain,5
cleared,5
occasion,5
groups,5
promotions,5
discuss,5
sticking,5
resources,5
boxes,5
qualities,5
matters,5
hesitant,5
folders,5
cancelled,5
skirt,5
2nd,5
180,5
patience,5
cases,5
2x2,5
peace,5
nd,5
involved,5
hooked,5
drama,4
green,4
victim,4
arrives,4
bomb,4
gained,4
navigating,4
displaying,4
kid,4
recovery,4
accepts,4
concerning,4
yellow,4
survive,4
v,4
paypals,4
passive,4
backwards,4
âœ¨,4
outcome,4
lowballers,4
glitched,4
pairs,4
pin,4
pesky,4
dots,4
tapping,4
guaranteed,4
reflect,4
versatile,4
atleast,4
beneficial,4
cleaner,4
hustle,4
aspects,4
auction,4
thrifter,4
applies,4
prevents,4
hrs,4
btw,4
wayyy,4
sister,4
april,4
convinced,4
bummed,4
appropriate,4
starters,4
ruining,4
4/5,4
irresponsible,4
america,4
sms,4
recognized,4
disheartening,4
loveeee,4
prom,4
dude,4
officially,4
dirty,4
insert,4
arent,4
switches,4
mediocre,4
assist,4
located,4
30+,4
screw,4
chats,4
accommodate,4
unavailable,4
robots,4
atrocious,4
win,4
continuous,4
reconnect,4
ğŸ¤¨,4
convenience,4
difference,4
overcharging,4
unfollow,4
notif,4
silly,4
continuing,4
games,4
ğŸ’¯,4
entitled,4
ğŸ–¤,4
regulated,4
valid,4
halfway,4
food,4
trashy,4
99,4
disconnect,4
ğŸ˜’,4
thrifty,4
holes,4
craigslist,4
town,4
pins,4
development,4
2019,4
es,4
pre-loved,4
beats,4
ripping,4
operating,4
2016,4
recycle,4
downfall,4
ğŸ™‚,4
mailed,4
agreement,4
fight,4
compare,4
26,4
reconsider,4
score,4
vast,4
furious,4
protections,4
wannabe,4
factor,4
reimburse,4
loveee,4
fulfill,4
competitors,4
p,4
bans,4
established,4
maintain,4
answering,4
shadow,4
distracting,4
revenue,4
monthly,4
forms,4
3d,4
virtually,4
reject,4
shippo,4
mass,4
moderators,4
inspiring,4
palette,4
decides,4
bargain,4
clients,4
lives,4
carry,4
awaiting,4
deliver,4
agents,4
summary,4
lists,4
requirement,4
nonsense,4
rent,4
dishonest,4
coding,4
labor,4
u.s,4
furthermore,4
suggesting,4
typical,4
redo,4
adults,4
compatible,4
tiny,4
zoom,4
harassing,4
limiting,4
figuring,4
overcharge,4
communicated,4
exits,4
steady,4
affected,4
contest,4
affects,4
tabs,4
gamble,4
existing,4
declined,4
cell,4
overseas,4
breeze,4
displeasing,4
occurring,4
drew,4
stopping,4
attract,4
ordinary,4
united,4
progress,4
needless,4
blue,4
promptly,4
instance,4
folks,4
lowest,4
unclear,4
use-,4
sides,4
borderline,4
noticing,4
h,4
target,4
american,4
refined,4
followings,4
adjusted,4
rearranging,4
shoot,4
leads,4
cater,4
mature,4
markets,4
robot,4
generation,4
needing,4
hang,4
accessing,4
wether,4
sees,4
instances,4
shift,4
sweatshirt,4
clogged,4
fingers,4
robbed,4
registered,4
thin,4
combat,4
collectibles,4
knockoffs,4
learned,4
reference,4
accountability,4
pet,4
lead,4
highest,4
unsold,4
purposefully,4
flexible,4
minds,4
quitting,4
inspo,4
bet,4
promotes,4
books,4
accessed,4
purposes,4
exhausting,4
skirts,4
finger,4
movement,4
processes,4
varieties,4
deduct,4
confirms,4
thumbnails,4
expanded,4
swiping,4
city,4
showcase,4
nature,4
parameters,4
flag,4
assume,4
learning,4
bottoms,4
drops,4
caring,4
proceed,4
harass,4
owned,4
investigate,4
screenshot,4
locally,4
ğŸ˜,4
overrated,4
sellers/buyers,4
announcement,4
gal,4
oriented,4
nyc,4
car,4
factory,4
thread,4
dust,4
aswell,4
loaded,4
gladly,4
sooner,4
ghost,4
notes,4
costumers,4
23,4
zoomed,4
reactive,4
object,4
tweaks,4
bland,4
department,4
ğŸ¤”,4
ethical,4
unbelievable,4
lesser,4
mixed,4
texted,4
20+,4
dedicated,4
chronological,4
manager,4
superior,4
girlfriend,4
expressing,4
endless,4
deposits,4
represent,4
detailed,4
polo,4
googled,4
-the,4
rates,4
characters,4
pushing,4
calculate,4
codes,4
vans,4
demographic,4
graphic,4
aka,4
streamline,4
go-to,4
cameras,4
snapchat,4
longest,4
length,4
flawless,4
75,4
banks,4
wearing,4
taxes,4
34,4
luxury,4
worthless,4
toggle,4
boost,4
prohibited,4
categorize,4
2015,4
cats,4
handling,4
xo,4
chill,4
commented,4
introduced,4
reccomend,4
breathe,4
hipster,4
flow,4
regard,4
treasure,4
warehouse,4
suit,4
esp,4
cuts,4
crowd,4
dirt,4
5/5,4
bruh,4
ğŸ‘ŒğŸ¼,4
managers,4
cannabis,4
disappearing,4
italy,4
italian,4
tennis,4
ah,4
steals,4
swapped,4
goal,4
faulty,4
employee,4
hot,4
buck,3
timed,3
literal,3
arise,3
door,3
mile,3
profiting,3
ie,3
scale,3
cs,3
exclusively,3
drive,3
sooooo,3
solving,3
infringement,3
somethings,3
protects,3
pasted,3
wore,3
examples,3
affect,3
greater,3
expressed,3
pms,3
subscription,3
apparent,3
monitoring,3
preventing,3
jerks,3
tonight,3
lingerie,3
157,3
bud,3
outfit,3
stressed,3
monday,3
military,3
speed,3
bm,3
heavily,3
partial,3
operate,3
reload,3
con,3
collector,3
hair,3
securely,3
news,3
pressed,3
field,3
level,3
background,3
ole,3
printer,3
unnecessarily,3
prevalent,3
4.99,3
faith,3
nuisance,3
gray,3
avoiding,3
ğŸ’˜,3
expand,3
granted,3
anxious,3
enthusiast,3
tied,3
vague,3
relike,3
hunt,3
auctions,3
hasnt,3
it-,3
ontop,3
dates,3
thankful,3
100x,3
rough,3
avoided,3
dozen,3
dead,3
honesty,3
15-20,3
controlled,3
ashamed,3
ground,3
fly,3
reloading,3
kick,3
tiring,3
awkward,3
lifestyle,3
flood,3
encouraging,3
2-star,3
lesson,3
lowkey,3
recourse,3
communicative,3
structure,3
embarrassing,3
resold,3
de,3
clutter,3
clothes/items,3
favors,3
fricken,3
sponsor,3
born,3
actions,3
situations,3
withdrawals,3
growth,3
racist,3
redundant,3
costing,3
mans,3
definite,3
regulation,3
chains,3
unorganized,3
severely,3
anxiety,3
noice,3
liars,3
pack,3
ğŸ˜‘,3
macbook,3
vary,3
seeking,3
sneakers,3
reasonably,3
deciding,3
w/o,3
gem,3
subcategories,3
developing,3
placing,3
a1,3
drastic,3
connects,3
offensive,3
inbox,3
amazon,3
reluctant,3
jumping,3
defaulted,3
bothering,3
importantly,3
representatives,3
tf,3
former,3
250,3
advance,3
acted,3
walk,3
youd,3
hop,3
chore,3
obnoxious,3
dad,3
casual,3
requirements,3
creat,3
power,3
dropshipped,3
handy,3
inseam,3
viewers,3
5s,3
incompetent,3
audiences,3
0.30,3
da,3
lookin,3
deactivating,3
leading,3
limitations,3
pr,3
yay,3
corrupt,3
streamlined,3
bust,3
pounds,3
sis,3
chain,3
attempts,3
guidance,3
exclude,3
t-shirt,3
edits,3
peeve,3
brother,3
sweatshops,3
penny,3
sorts,3
displays,3
qualified,3
feedbacks,3
dissatisfied,3
pleasure,3
entrepreneur,3
bout,3
printers,3
pc,3
waist,3
5-star,3
ğŸ‘,3
re-post,3
.i,3
looove,3
-.-,3
fabulous,3
bombarded,3
xx,3
swiped,3
sleek,3
ğŸ’‹,3
nervous,3
pulled,3
confederate,3
clothings,3
paragraphs,3
bully,3
assure,3
removes,3
em,3
ğŸ˜†,3
vinyl,3
creator,3
combined,3
filling,3
3+,3
monitor,3
fluidity,3
taps,3
resulted,3
caught,3
unbearable,3
700,3
decreased,3
disgraceful,3
slower,3
scan,3
redone,3
uncomfortable,3
problematic,3
cloths,3
consumer,3
listens,3
bizarre,3
ğŸ˜¡,3
exciting,3
threw,3
100+,3
faced,3
ğŸ™,3
laying,3
naturally,3
joining,3
impression,3
launched,3
dupe,3
wares,3
carful,3
19,3
wit,3
practical,3
110,3
wears,3
texts,3
hole,3
ğŸ¤·â€â™€ï¸,3
students,3
phones,3
overwhelming,3
amateur,3
outstanding,3
rep,3
hunting,3
wig,3
direction,3
me..,3
printed,3
offerup,3
approach,3
spoken,3
systems,3
whack,3
fashions,3
curtsy,3
boutique,3
ğŸ˜ƒ,3
attitude,3
sight,3
mandatory,3
killer,3
nike,3
developed,3
u.s.,3
significantly,3
primarily,3
twenty,3
attractive,3
join,3
bro,3
privacy,3
fab,3
reseller,3
nearby,3
advertisement,3
unbelievably,3
ai,3
skip,3
understaffed,3
fourth,3
debt,3
assured,3
film,3
covid-19,3
3.4,3
apparel,3
booty,3
equally,3
adress,3
jordan,3
explanatory,3
positives,3
un,3
reaches,3
combination,3
mimics,3
customs,3
deters,3
foremost,3
supply,3
gentrification,3
1lb,3
european,3
applied,3
discourages,3
asf,3
fingertips,3
giveaways,3
thrilled,3
instagram-esque,3
engage,3
receives,3
rly,3
reuse,3
compliments,3
alive,3
67,3
sneaky,3
clog,3
sufficient,3
meh,3
ğŸ˜,3
testing,3
promised,3
prompted,3
upcharge,3
continued,3
raffles,3
ğŸ˜‚,3
reviewing,3
petty,3
flip,3
thrown,3
driving,3
misuse,3
knockoff,3
drives,3
9.50,3
doofymandis,3
july,3
drag,3
measures,3
campus,3
blocks,3
moments,3
impacted,3
22,3
investigation,3
â€¢make,3
parties,3
among,3
authenticity,3
addressing,3
100.00,3
focusing,3
innovative,3
teen,3
outdated,3
pushed,3
printing,3
fills,3
specified,3
invest,3
plaid,3
50/50,3
tos,3
depth,3
throws,3
breaks,3
blogger,3
breath,3
tumblr,3
air,3
crucial,3
rows,3
processing,3
picky,3
prioritize,3
bullying,3
execution,3
decrease,3
haggle,3
season,3
abt,3
loveeeee,3
discovering,3
mon,3
measurement,3
instagram-like,3
whereas,3
debop,3
hardest,3
circles,3
smoke,3
brief,3
relate,3
ğŸ”¥ğŸ”¥ğŸ”¥,3
cheaply,3
decor,3
pushes,3
corporation,3
beat,3
frame,3
august,3
gripes,3
selecting,3
expectations,3
ny,3
deeply,3
comparing,3
capital,3
silhouette,3
tomorrow,3
happily,3
curve,3
sweat,3
standards,3
ect,3
untrustworthy,3
ocd,3
corrupted,3
folder,3
visual,3
bored,3
attach,3
transition,3
settle,3
mother,3
safari,3
closer,3
4-,3
rethink,3
defective,3
guessing,3
fitting,3
london,3
identity,3
shopping/selling,3
count,3
engaging,3
toward,3
slim,3
clothing/accessories,3
depop..,3
superb,3
cmon,3
billing,3
apartment,3
unheard,3
afterwards,3
squished,3
pre,3
ğŸ¤·ğŸ½â€â™€ï¸,3
suspending,3
rotate,3
march,3
particularly,3
barter,3
wastes,3
wake,3
plato,3
repetitive,3
reverts,3
hating,3
sm,3
irritated,3
representative,3
dang,3
optional,3
apo,3
scripted,3
ğŸ™„ğŸ™„,3
frustrates,3
book,3
bundling,3
ali,3
insurance,3
ahold,3
apologized,3
sh+t,3
pleaseee,3
visually,3
shook,3
shes,3
re-enter,3
array,3
bubbles,3
weed,3
up..,3
markup,3
considered,3
equal,3
supported,3
letter,3
Ğ½Ğµ,3
risks,3
valeria,3
trick,3
bargains,3
cycle,3
designs,3
sought,3
presented,3
gouging,3
Ğ²,3
attentive,3
disputing,3
Ğ¸,3
scanner,3
sorta,3
throw,3
calculated,3
understood,3
ğŸ‘Œ,3
tricked,3
photography,3
effectively,3
horror,3
inclusive,3
overly,3
technically,3
involves,3
counts,3
incidents,3
karen,3
â™¥ï¸,3
sake,3
reasoning,3
tryna,3
*not,3
disgusted,3
influx,3
cents,3
relevance,3
forcing,3
recovering,3
serves,3
journey,3
ğŸ˜¤,3
hype,3
halt,3
infuriating,3
upgraded,3
6.50,3
tailor,3
la,3
reimbursed,3
wth,3
possibility,3
realistic,3
majorly,3
stoked,3
transferred,3
Ñ‚Ñ‹,3
backs,3
graphics,3
ğŸ‘ğŸ»,3
dying,3
incorrectly,3
ghosted,3
failure,3
gap,3
Ñ‡Ñ‚Ğ¾,3
highğŸ‰,3
strawberries,3
blog,3
boyfriend,3
falsely,3
pre-owned,3
weigh,3
increased,3
assumed,3
alerting,3
jazz,2
bat,2
catfish,2
linking,2
clogging,2
periodt,2
cellphone,2
95,2
angeles,2
route,2
ğŸ˜©,2
canada,2
brain,2
locations,2
geared,2
artistic,2
heels,2
wonderfully,2
depot,2
insights,2
bookmarked,2
reads,2
buy/,2
los,2
routine,2
deactivate,2
handbag,2
160,2
swaps,2
moral,2
lengthy,2
ğŸ’•ğŸ’•ğŸ’•,2
unapproved,2
failing,2
acknowledgement,2
disappoint,2
0/10,2
bid,2
ğŸ™ŒğŸ½,2
yalls,2
friggin,2
rush,2
deff,2
tremendous,2
photo/video,2
slots,2
ğŸ¥´,2
innocent,2
sunday,2
treats,2
donating,2
attitudes,2
surge,2
jumbled,2
quantities,2
similarly,2
ğŸ¤—,2
staying,2
thoughts,2
cities,2
proving,2
ltd,2
negotiable,2
fir,2
feautured,2
pure,2
grouped,2
prints,2
ğŸ’,2
undisclosed,2
organizing,2
â¤ï¸â¤ï¸â¤ï¸â¤ï¸â¤ï¸â­ï¸â­ï¸â­ï¸â­ï¸â­ï¸â¤ï¸â¤ï¸â¤ï¸â¤ï¸â¤ï¸,2
shocked,2
idc,2
chase,2
swing,2
chunks,2
elementary,2
servers,2
shipping.,2
apologize,2
collage,2
shipments,2
mid,2
fashionistas,2
fart,2
racial,2
ima,2
slider,2
punk,2
owns,2
cottagecore,2
ğŸ”¥ğŸ”¥ğŸ”¥ğŸ”¥ğŸ”¥,2
sexy,2
64,2
ğŸ˜¹,2
deducts,2
kill,2
hid,2
clueless,2
christmas,2
cautiously,2
greatest,2
"1,000",2
discontinued,2
explicit,2
re-sell,2
losses,2
ğŸŒ¹,2
props,2
11/10,2
thoroughly,2
apps/websites,2
recieved,2
liar,2
specify,2
adult,2
avenue,2
ought,2
t-shirts,2
ugliest,2
freely,2
sets,2
benefits,2
jfashion,2
studios,2
proactive,2
punishing,2
email/,2
conditioned,2
underage,2
bam,2
japanese,2
excessively,2
inflating,2
poses,2
memory,2
windbreaker,2
smile,2
afloat,2
owes,2
usability,2
unpredictable,2
ğŸ’œ,2
ğŸ’”,2
800,2
mysterious,2
vuitton,2
50s,2
significant,2
discreet,2
satisfaction,2
tad,2
copped,2
months..,2
beneath,2
disconnected,2
0.50,2
grand,2
redirect,2
program,2
tha,2
fund,2
tweaked,2
bugging,2
begging,2
initiative,2
ok.,2
32,2
signup,2
texting,2
largest,2
trigger,2
peer,2
globe,2
photograph,2
supplies,2
resolutions,2
gas,2
transfers,2
theyre,2
goldmine,2
hashtagged,2
warnings,2
relisted,2
painless,2
shortly,2
louis,2
kills,2
pit,2
intend,2
blessing,2
confusion,2
financial,2
demand,2
ğŸ‘ğŸ‘ğŸ‘ğŸ‘,2
annoying..,2
indefinitely,2
suspends,2
paragraph,2
skin,2
movie,2
deception,2
replaced,2
resist,2
justice,2
response-,2
unneeded,2
therapy,2
era,2
fabrics,2
hood,2
desirable,2
jesus,2
boosting,2
more-,2
retrieve,2
apps..,2
compares,2
cautious,2
offense,2
harm,2
traumatized,2
horribly,2
ownership,2
one-of-a-kind,2
concealed,2
bck,2
freaks,2
10-20,2
someday,2
spoil,2
squashed,2
divide,2
collectively,2
requesting,2
thoughtful,2
admin,2
initiate,2
catty,2
colorful,2
55,2
trusting,2
clearing,2
exiting,2
flea,2
enforcing,2
crack,2
103,2
enables,2
unsettling,2
heavier,2
tear,2
approve,2
confidence,2
material,2
insulting,2
test,2
fewer,2
endeavor,2
grows,2
18+,2
refundable,2
falling,2
ez,2
carefully,2
levi,2
punished,2
reward,2
punish,2
regulate,2
dandy,2
etc.,2
york,2
heartbroken,2
altogether,2
0/5,2
reactivated,2
apocalypse,2
resend,2
plummeted,2
harms,2
account..,2
complications,2
degree,2
tactic,2
matched,2
design/layout,2
retailer,2
profusely,2
punishment,2
sensitivity,2
rights,2
euros,2
shape,2
calls,2
username/password,2
fooled,2
advanced,2
legitimately,2
stuff..,2
questionable,2
phrase,2
accordingly,2
bikini,2
revenge,2
ashtrays,2
paraphernalia,2
events,2
mortar,2
vote,2
anonymous,2
truthful,2
tempting,2
faqs,2
littered,2
flawed,2
reformation,2
thy,2
reminding,2
____,2
expire,2
me-,2
labeling,2
billie,2
unif,2
day-,2
meticulously,2
rich,2
foolish,2
aa,2
lipstick,2
mac,2
arises,2
analytics,2
vanished,2
pressure,2
computers,2
disaster,2
wayy,2
inexpensive,2
overrun,2
hoodies,2
toys,2
register,2
extent,2
gallery,2
etcetera,2
browsers,2
rolling,2
ğŸ’—,2
ha,2
card/bank,2
pricy,2
thorough,2
98,2
fyi,2
til,2
enlist,2
demands,2
defaults,2
motivation,2
cross,2
represents,2
shopaholic,2
simultaneously,2
xoxoxo,2
app/website,2
commit,2
inputting,2
flags,2
withdraw,2
weighing,2
broad,2
finalize,2
funky,2
finessing,2
screws,2
tack,2
competitively,2
"2,000",2
usd,2
values,2
formatted,2
personalization,2
reformat,2
withdrawn,2
boutiques,2
describes,2
beautifully,2
genre,2
wage,2
spare,2
calculator,2
clarify,2
relationships,2
oversight,2
handles,2
accident,2
0.5,2
network,2
trifling,2
now..,2
tiktok,2
upping,2
spams,2
5-10,2
platos,2
barley,2
premium,2
cap,2
coins,2
adequate,2
upwards,2
deceitful,2
banner,2
disregard,2
blamed,2
startup,2
clout,2
guilty,2
ğŸ’–ğŸ’–ğŸ’–,2
talks,2
vulgar,2
womens,2
percentages,2
backdrop,2
calm,2
sold/purchased,2
adopt,2
postmark,2
dynamic,2
fanatic,2
clone,2
600,2
giveaway,2
procedures,2
upfront,2
epidemic,2
spreading,2
awareness,2
cult,2
2-,2
translation,2
2-5,2
banners,2
thrifters,2
wishing,2
gendered,2
trace,2
secondhand/vintage,2
slip,2
inconsistencies,2
tobacco,2
easiness,2
racism,2
lord,2
thumbs,2
seamlessly,2
ğŸ¤·ğŸ»â€â™€ï¸,2
existed,2
mysteriously,2
looooove,2
deserved,2
heaven,2
named,2
bound,2
creatives,2
competing,2
offended,2
tens,2
unsatisfied,2
24/7,2
essential,2
merchant,2
'sold,2
defiantly,2
reducing,2
faithful,2
sayin,2
passionate,2
checks,2
criticisms,2
reversed,2
nit,2
appropriately,2
persistent,2
robbery,2
inexcusable,2
challenging,2
flick,2
wiping,2
notices,2
someones,2
truth,2
troubles,2
blanks,2
collecting,2
competitive,2
mistagging,2
hacker,2
merchants,2
considerate,2
bed,2
thier,2
built-in,2
remotely,2
i.e.,2
mildly,2
patterns,2
complains,2
hence,2
initial,2
deduction,2
items/posts,2
horizontal,2
triple,2
riddled,2
knowingly,2
sticker,2
gut,2
boards,2
describing,2
travel,2
tall,2
transparent,2
queries,2
endlessly,2
grab,2
depop/paypal,2
ğŸ’—ğŸ’—ğŸ’—,2
acts,2
ons,2
considers,2
4.,2
exhausted,2
swag,2
disputed,2
prompting,2
files,2
faults,2
postmates,2
caps,2
unreal,2
subscribe,2
enabled,2
depopers,2
six,2
stain,2
babysitting,2
ğŸ‘ğŸ»,2
simpler,2
rapidly,2
puerto,2
firstly,2
deemed,2
surprising,2
rico,2
bids,2
violates,2
justify,2
gentrifying,2
dismiss,2
ğŸ’•ğŸ’•,2
showcased,2
forefront,2
acting,2
suited,2
clogs,2
animal,2
flash,2
repercussions,2
5th,2
incentive,2
outweigh,2
privately,2
coverage,2
manufactured,2
preview,2
sketch,2
fame,2
fashionable,2
replica,2
wrongfully,2
thatve,2
excess,2
41,2
reorder,2
earning,2
timing,2
universal,2
ver,2
gather,2
succeed,2
mislead,2
cared,2
strangely,2
second-hand,2
sleep,2
120,2
gr8,2
registering,2
accessory,2
theory,2
reshare,2
mitigate,2
amongst,2
striped,2
utterly,2
versus,2
unverified,2
hotspot,2
december,2
estimated,2
banking,2
homeless,2
bothersome,2
domestic,2
baffled,2
widespread,2
anti-fast,2
eliminate,2
nom,2
south,2
sort/filter,2
rebooted,2
networks,2
conscious,2
transit,2
privileges,2
dudes,2
questioning,2
reviewer,2
lowballs,2
exited,2
staple,2
drawback,2
availability,2
enthusiasts,2
entrepreneurs,2
praise,2
purely,2
grey,2
touchy,2
quits,2
understandably,2
rave,2
tact,2
suffered,2
apology,2
miscommunication,2
fabric,2
beta,2
mookie,2
47,2
toddler,2
redirected,2
saddened,2
limbo,2
announced,2
phenomenal,2
ounce,2
chilling,2
packaged,2
prompt,2
despise,2
deceptive,2
hoped,2
distance,2
rightfully,2
decreases,2
appalled,2
arbitrary,2
embarrassment,2
uh,2
ummm,2
lunch,2
publicity,2
appearing,2
use..,2
yea..,2
pix,2
500k+,2
reviewed,2
valued,2
ot,2
repeating,2
2+,2
slave,2
gaslighting,2
attacking,2
restrictions,2
karens,2
fired,2
acknowledge,2
simplest,2
infinitely,2
productive,2
â£ï¸,2
picking,2
reseting,2
coded,2
effortlessly,2
diligent,2
tlc,2
responsibilities,2
variations,2
-10,2
gmail,2
naive,2
promises,2
treatment,2
blatant,2
hungry,2
lift,2
barrel,2
infinite,2
dosnt,2
bill,2
documentation,2
software,2
threat,2
stalker,2
wind,2
symbol,2
redeeming,2
tickets,2
enjoyment,2
effecting,2
surprises,2
bobs,2
columns,2
|,2
saver,2
85,2
36,2
passed,2
ğŸ‘ŒğŸ½,2
fallow,2
offline,2
critique,2
conversations,2
photos/,2
kool,2
inevitable,2
motivating,2
cellular,2
capabilities,2
managing,2
8oz,2
2lb,2
steep,2
grate,2
themed,2
immensely,2
owed,2
cake,2
usage,2
advert,2
youth,2
visa,2
versa,2
scammy,2
gnarly,2
realizing,2
terrific,2
confirming,2
split,2
possession,2
contradicts,2
hefty,2
humble,2
demanding,2
optimal,2
skeet,2
pdf,2
favorited,2
politely,2
5.10,2
weekend,2
anticipated,2
maintains,2
abnormally,2
doubled,2
wayyyyy,2
naked,2
designers,2
belongings,2
item..,2
practices,2
um,2
password..,2
meantime,2
crew,2
separated,2
misused,2
unimpressed,2
locate,2
marks,2
hypocritical,2
temporary,2
3.99,2
blow,2
ashley,2
selective,2
excuses,2
patrons,2
1s,2
retaliation,2
deepop,2
confuse,2
gf,2
microsoft,2
booting,2
goat,2
wider,2
//,2
voice,2
shared,2
whites,2
accused,2
ticket,2
censor,2
constructive,2
stands,2
paypal.,2
ring,2
sweetest,2
recreate,2
inefficient,2
illegal,2
present,2
53,2
renders,2
communicator,2
clicks,2
ğŸ‘ğŸ¼,2
slowed,2
worlds,2
wack,2
e-mail,2
guide,2
27,2
pulling,2
like/save,2
full-time,2
differently,2
incomplete,2
mentioning,2
establish,2
sum,2
net,2
pleas,2
gently,2
cosplay,2
zipper,2
teenage,2
insult,2
1k,2
zoomers,2
tldr,2
install,2
pockets,2
reorganize,2
tradesy,2
creations,2
attracts,2
fend,2
teenager,2
pauses,2
ğŸ˜,2
rotation,2
ğŸ™ğŸ¾,2
loses,2
counter,2
pound,2
acct,2
signs,2
fluid,2
chacos,2
ğŸ’›,2
cart.,2
promotional,2
improper,2
chanel,2
ğŸ’¥,2
forgotten,2
10.50,2
spacing,2
authorization,2
standpoint,2
tutorials,2
downright,2
shifted,2
later.,2
crossroads,2
ğŸ‘ğŸ½,2
beforehand,2
confident,2
illiterate,2
imbecile,2
cry,2
styling,2
items-,2
postings,2
40+,2
hmmm,2
mellville,2
spaces,2
fallen,2
january,2
Ğ¼Ğ½Ğµ,2
rampant,2
desk,2
task,2
scummy,2
song,2
disclose,2
alllll,2
forum,2
ğŸ‘ğŸ½,2
watched,2
shooting,2
spoke,2
smell,2
hurting,2
dunno,2
80+,2
misusing,2
trauma,2
bees,2
knees,2
sweatshop,2
r,2
snatch,2
1-3,2
minimalistic,2
eyesore,2
ğŸ¤ª,2
lived,2
lucrative,2
118,2
warped,2
relief,2
bump,2
expose,2
hosts,2
theft,2
spotty,2
exception,2
legitimate,2
unconfirmed,2
wire,2
wrapping,2
ğŸ˜…,2
hated,2
3x3,2
feelin',2
iffy,2
reimbursement,2
improves,2
belly,2
butttt,2
60s,2
2.5,2
200.00,2
penalize,2
l.,2
diff,2
upper,2
ğŸ’š,2
fathers,2
dragged,2
notifs,2
Ğ·Ğ½Ğ°Ñ,2
marking,2
jackets,2
bundled,2
ğŸ˜„,2
verbatim,2
population,2
simple-,2
monetary,2
stable,2
..i,2
cutting,2
ropes,2
kicking,2
discouraged,2
environmentally,2
racks,2
hits,2
mindful,2
doable,2
brows,2
consequence,2
volume,2
inflated,2
commitment,2
carrier,2
glitter,2
demotivated,2
cancels,2
used/vintage,2
replicas,2
authority,2
e-mails,2
refer,2
practice,2
tiers,2
layouts,2
standard,2
womenswear,2
refine,2
ensuring,2
flexibility,2
hitting,2
gold,2
skeptical,2
integration,2
sore,2
element,2
loop,2
actuality,2
sell/buy,2
attacked,2
ğŸ˜ºğŸ˜º,2
pog,2
jerk,2
immediate,2
closets,2
shares,2
exchanged,2
stingy,2
wherever,2
escalate,2
doubts,2
belongs,2
flowing,2
helpline,2
meeting,2
retaliate,2
dedication,2
pictured,2
ğŸ™ŒğŸ¼,2
overtime,2
wall,2
nonetheless,2
retailers,2
cosplays,2
catering,2
reprimanded,2
cropping,2
zone,2
copyright,2
333,2
designing,2
weirdo,2
bulk,2
mini,2
-sending,2
crafted,2
collectors,2
storefronts,2
foot,2
allowance,2
inspires,2
emphasis,2
1/2,2
compromised,2
ğŸ™ƒ,2
ğŸ˜¢,2
200+,2
2/3,2
ğŸ‘ŒğŸ»,2
300+,2
superrrr,2
seamless,2
misunderstanding,2
dissapointed,2
thursday,2
thriftily,2
washed,2
re-selling,2
menswear,2
destroyed,2
6-8,2
bless,2
conclude,2
timeframe,2
downgrade,2
prob,2
chargeback,2
waters,2
preset,2
beans,2
commonly,2
disable,2
steer,2
xl,2
temporarily,2
expense,2
logos,2
earring,2
ğŸ‘ğŸ½ğŸ‘ğŸ½,2
periodically,2
greeted,2
pleaseeee,2
cardigans,2
amateurs,2
criminal,2
boss,2
redesigned,2
inconveniences,2
executed,2
den,2
drawings,2
chic,2
-depop,2
adjusting,2
finished,2
acrylic,2
fond,2
sunglasses,2
7+,2
payout,2
media-like,2
weary,2
disorganized,2
investing,2
casually,2
prevented,2
reassuring,2
enforced,2
yard,2
personnel,2
indeed,2
integrity,2
repeated,2
expired,2
exposure.,2
combine,2
spammed,2
declutter,2
debating,2
campaigns,2
helpers,2
downsides,2
bell,2
deductions,2
delivering,2
fastest,2
atm,2
crafts,2
inability,2
effect,2
informing,2
hike,2
spread,2
owe,2
essay,2
authorized,2
dedicating,1
inquiries,1
shipping..,1
out-,1
rob,1
classic,1
corporations,1
them/paypal,1
firm,1
heightened,1
prize,1
-rearranging,1
.what,1
stat,1
drain,1
entrepreneurial,1
bigger/,1
reinvent,1
2016.,1
snide,1
path,1
/3,1
madness,1
boi,1
gouged,1
lingering,1
moderation,1
remorse,1
vintage/handmade,1
shove,1
style/aesthetic,1
frowns,1
grimebunny,1
convince,1
250+,1
basics,1
cardigan,1
facade,1
post/,1
hides,1
continous,1
+____,1
*any*,1
checkboard,1
bugğŸ˜‰,1
ğŸ§¿,1
pals,1
up.,1
semi,1
highlighted,1
english,1
round,1
imessages,1
tags/key,1
boo.,1
seasons,1
bodycon,1
15-,1
scroll..,1
tutorial,1
competent,1
foreverrr,1
â€”-,1
clothing/items/start,1
boycott,1
outerwear,1
loophole,1
monitored,1
entries,1
snap,1
watches,1
iove,1
exposures,1
raffle,1
shpock,1
scrape,1
graveyard,1
trolling,1
ğŸ‘ğŸ¼ğŸ‘ğŸ¼ğŸ‘ğŸ¼ğŸ‘ğŸ¼,1
shops/get,1
secret,1
peacefully,1
transact,1
xs-xl,1
nested,1
find/buy,1
advantageous,1
useful-and,1
capitalism,1
extortionate,1
money..that,1
chooses,1
mines,1
deem,1
annoyingly,1
sizes-,1
ordeal,1
inserting,1
"3,5",1
regions,1
newsletters,1
efficiency,1
compassion,1
car-salesman,1
in-house,1
popup,1
2.95,1
contrasting,1
high-quality,1
-be,1
manufacturers,1
comfortably,1
presentations,1
thrasher,1
tubes,1
arranged-,1
competitions,1
say/do,1
pleade,1
ğŸ¤¢ğŸ¤¢ğŸ¤¢,1
criticize,1
foh,1
-let,1
4ï¸âƒ£,1
flattened,1
understanding/patient,1
nigh,1
.which,1
blazers,1
-dont,1
realistically,1
embarrassed,1
vests,1
all-in-all,1
settled,1
dangerously,1
delay,1
use/navigate,1
vintaging,1
policies-they,1
ultra,1
looovveee,1
heaps,1
flames,1
1ï¸âƒ£,1
belong,1
25k,1
astonishing,1
overal,1
relayed,1
website/app,1
fights,1
unmentioned,1
lb,1
journalist,1
boycotting,1
moreğŸ¤©,1
ğŸŒˆvintage,1
laughable,1
faldo,1
enacted,1
hitechpolo,1
forwarded,1
afterward,1
10ğŸ˜¢ğŸ˜¢,1
slump,1
attire,1
op,1
crashes-,1
selects,1
usernames-,1
disappeares,1
rocketed,1
unexpectedly,1
dismorphia,1
deadstock,1
socks,1
blown,1
bogged,1
10-20k,1
1.00,1
sourcing,1
fees-,1
albeit,1
v9.2,1
fortune,1
gbs,1
boosts,1
ğŸ¥°ğŸ¥°,1
sits,1
so-farÂ¡,1
-ryleegraceb,1
luxuries,1
unsuccessful,1
9.3+,1
nessesities,1
miniature,1
preserve,1
prioritizing,1
amazement,1
ğŸ¥ºğŸ’–,1
upğŸ¤¨,1
debit/,1
sentence,1
respiration,1
destroy,1
kindness,1
ty,1
repulsive,1
anymoreğŸ˜”,1
isolated,1
widely,1
shamed,1
screwing,1
prof,1
sellerğŸ’—,1
pristine,1
hostile,1
congrats,1
clever,1
shooted,1
stumbled,1
â£ï¸âœŒï¸,1
confront,1
pizza,1
invited,1
tags/keywords-,1
items/sellers,1
etc-,1
undone,1
triangle,1
brand/category/size..,1
eh,1
low-priced,1
thinnest,1
rightful,1
swindlers,1
4-6,1
phone-number,1
bill-paying,1
avoids,1
fashioned,1
product..,1
copy/pasted,1
/dna,1
unwearable,1
deteriorated,1
electric,1
bombarding,1
permaban,1
decency,1
cloth,1
poshmarks,1
teens/young,1
guidelines.,1
hint-hint,1
ğŸ‘ğŸ»ğŸ‘ğŸ»,1
thereğŸ˜…,1
closure,1
storenvy,1
actors,1
misconducted,1
stds,1
victimized,1
agreed,1
nothingnew,1
removal,1
â˜¹ï¸,1
itd,1
condensed,1
beginner,1
minors,1
infamous,1
friendlier,1
philly,1
2ï¸âƒ£,1
kidizen,1
nuts,1
7/7,1
ignore/,1
mf,1
use/streamlined,1
ik,1
tread,1
them/the,1
periods,1
hectic,1
panademic,1
3ï¸âƒ£,1
net-totaled,1
scrunched,1
headaches,1
recap,1
whoinvitedhimcut4072,1
notifies,1
anyway-,1
review/notification,1
suits,1
1.5,1
followers/making,1
prices-,1
eww,1
activities,1
3:60,1
bella,1
excludes,1
piled,1
hottie,1
80s/90s,1
digity,1
fruitful,1
gay,1
vv,1
broader,1
sooon,1
behave,1
tonnnn,1
unboxing,1
nine,1
waisted,1
i-,1
2013ish,1
ranks,1
off-white,1
4.30,1
reaction,1
instamodels,1
cocky,1
peed,1
item/my,1
racists,1
privileged,1
tooor,1
feee,1
myspace,1
add/change,1
painted,1
deeper,1
ğŸ˜¬ğŸ™ŒğŸ»,1
7500,1
fore,1
fashionnnnnnnnnn,1
scammer-,1
walls,1
clothes/more,1
muy,1
martens/high,1
rescrolling,1
voiceover,1
appâ¤ï¸,1
underthey,1
rabbit,1
auper,1
girlys,1
newcomers,1
stellar,1
consent,1
digital,1
volumes,1
outlandish,1
controls,1
hypebeast,1
rihanna,1
violation,1
backstreet-handmade,1
kaymonkey,1
formatğŸ˜¤,1
unban,1
skyrocket,1
selectedâ€”automatically,1
displeased,1
ughhh,1
gypping,1
loveeeeeeeeeee,1
everrrr,1
doo,1
interest/users,1
jkjm,1
20-,1
lightly..,1
chatting,1
busting,1
remedy,1
hyped,1
pee,1
look/feel,1
enthusiastic,1
selectedâ€”for,1
poo,1
diagnostic,1
resst,1
paypay,1
sporty,1
religious,1
profile-,1
ğŸ¤¯ğŸ¤¯,1
15+,1
140,1
loan,1
balanced,1
explored,1
millennial,1
hateee,1
off-brand,1
-make,1
conflicted,1
re-featuring,1
voided,1
tilly,1
gen-x,1
objects,1
plugs,1
influencer,1
frustrate,1
inexperienced,1
260,1
yass,1
-generate,1
autopay,1
christ,1
fee..on,1
390,1
4.7/5,1
reconnecting,1
sat,1
namely,1
publicly,1
protective,1
-offer,1
ğŸ¤¯,1
-reduce,1
57,1
billed,1
careless,1
-implement,1
qualify,1
highlights,1
harming,1
advisable,1
5+,1
bongs,1
scanned,1
**update,1
pollution,1
bone,1
-upcycling,1
insist,1
Â£,1
paychecks,1
strategically,1
-fee,1
diving,1
modeğŸ˜”ğŸ‘,1
brainless,1
heartless,1
â›“,1
7am,1
squashing,1
â¤ï¸ğŸ¥³ğŸ’•,1
lite,1
-each,1
pipe,1
effected,1
eat,1
girls/boys,1
-featuring,1
8-lb,1
pipes,1
\\\\\o/////,1
partly,1
suspect,1
freakin,1
**4,1
bong,1
non-fee,1
e-girl/boy,1
in/out,1
-if,1
entice,1
with/resolved,1
8.61,1
loyalty,1
bae,1
accusing,1
proprietorship,1
descriptive,1
teams,1
ğŸ’•ğŸ¦„,1
uni,1
ğŸ¤,1
beige,1
irritatingly,1
underpaying,1
ğŸ”¥ğŸ”¥ğŸ”¥ğŸ˜Œ,1
posted/updated,1
branding,1
marketed,1
diluted,1
traditional,1
riding,1
pants.,1
bus,1
easygoing,1
frequency,1
daisy,1
damnit,1
quadruple,1
tinkering,1
tags/irrelevant,1
backdrops,1
enlarged/stretched,1
disproportionally,1
ğŸ’–ğŸ’–ğŸ˜ğŸ˜,1
lighting,1
there-,1
loging,1
rules/guidelines,1
testers,1
review..,1
waiver,1
pleads,1
theoretically,1
pretend,1
pluck,1
asian,1
hold/deactivate,1
^^^,1
scaling,1
lo,1
â—ï¸â—ï¸one,1
acknowledged,1
laidback,1
pronto,1
haggling,1
*today*,1
6.20,1
novelty,1
always=vintage,1
counted,1
.60,1
life-,1
delightful,1
interacting,1
distanced,1
tuesday,1
uncompleted,1
tulsa,1
conceptualize,1
mood,1
core,1
angle,1
pray,1
committing,1
3/5,1
stem,1
nonsence,1
costume,1
submission,1
terrorizing,1
accountably,1
cashed,1
supplier,1
ratings/review,1
died,1
robotic,1
emote,1
wowza,1
invented,1
nerve,1
makers,1
lover,1
-mads,1
allergies,1
psychological,1
awesoooooke,1
relied,1
gate,1
accidently,1
sneak,1
irked,1
****update,1
features/confusing,1
dupes,1
tucking,1
feelings-,1
interfaces/mean,1
poshmark/mercari,1
farâ€”app-wise,1
community-wise,1
proofs,1
masked,1
heatğŸ”¥ğŸ”¥,1
top/verified,1
dido,1
loathe,1
seizure,1
inviting,1
impersonating,1
cancel/,1
believing,1
styles/aesthetics,1
betterdaze,1
clair,1
sole,1
walmart,1
look/work,1
tears,1
shein/zaful/romwe,1
parcel,1
misunderstandings/confusion,1
reflects,1
chooseâ€”that,1
ğŸ­ğŸŒˆ,1
squeezing,1
discolored,1
barrier,1
unapologetic,1
tremendously,1
ğŸ¤·ğŸ½â€â™‚ï¸,1
wavvyyy,1
vocalized,1
nip,1
contact-,1
pagee,1
utilized,1
lawyer,1
uniqueness,1
loooong,1
heathy,1
huhu,1
priorities,1
hagglers,1
obnoxiously,1
translate,1
sued,1
version.,1
wwwwwwwwwww,1
defending,1
vertical-only,1
ğŸ„,1
3.50,1
proportional,1
sided,1
baseless,1
subtract,1
comfyğŸ’•,1
miami,1
oz,1
shameless,1
leg,1
facts,1
impactful,1
compelled,1
twist,1
digg,1
ğŸ˜œâœ¨,1
compensation,1
absorbed,1
hehe,1
jill,1
yikes,1
grounds,1
emergencies,1
â—ï¸â—ï¸,1
ranked,1
jada,1
woes,1
â¤ï¸ğŸ’‹,1
addict,1
.ğŸ˜¹ğŸ˜¹,1
divorce,1
super-confusing,1
skreets,1
unreachable,1
antisocial,1
praying,1
cigarette-smelling,1
deterred,1
full-body,1
coordinate,1
eco,1
speedy,1
chump,1
underwhelming,1
ğŸ¤”ğŸ™„,1
uniques,1
razzle,1
ğŸ„,1
impulsive,1
â›½ï¸ğŸ…°ğŸ†–ğŸ’¯ğŸ’¯,1
evey,1
ğŸ’™âœŒï¸ğŸ’™,1
ğŸš¥,1
niiiice,1
ğŸ¬â˜ ğŸ˜ğŸ­,1
gorls,1
ğŸ˜ŒğŸ‘,1
a++++,1
dazzle,1
fun..,1
easy..,1
minimalist,1
assess,1
20-26,1
âœ¨âœ¨âœ¨,1
habit,1
sizzle,1
ago..,1
delivers,1
boosted,1
occur,1
thrift/art,1
items.ğŸ˜€,1
upscale,1
blankly,1
stare,1
empathy,1
choker,1
sour,1
195,1
mvp,1
nonuk,1
depopwallet,1
amiable,1
u.k,1
obsessedğŸ’“,1
omg..,1
contrast,1
brighten,1
loath,1
reloaded,1
bari,1
alternatives,1
1year+,1
sell/but,1
ğŸ¯âœŒğŸ¼ï¸ğŸŒ´ğŸ‘ŒğŸ¼,1
also..would,1
communications,1
paroozing,1
q,1
profesional,1
asap-i,1
ğŸ˜«,1
selllers,1
fwi,1
lokey,1
on..,1
fuss,1
elegant,1
claustrophobic,1
infuriated,1
ccile09,1
avidly,1
bros,1
copypast,1
comprised,1
appâœ¨ğŸ˜‹~,1
clientele,1
carolinedelopp,1
**,1
chicks,1
seller/buying,1
stuffâœŒğŸ»ï¸ğŸ‘ğŸ»ğŸ‘ğŸ»ğŸ‘ŒğŸ»,1
clutch,1
ğŸ’•ğŸ’,1
33,1
lovee,1
lifesaver,1
well-,1
app-i,1
fees-i,1
gravitated,1
innumerable,1
charming,1
nut,1
â˜ºï¸â˜ºï¸,1
heads,1
closed-minded,1
hipsters,1
belts,1
non-generic,1
breasts,1
butts,1
nudity,1
wowowowow,1
vinyls,1
louboutins,1
yuh,1
ğŸ˜‡,1
slandered,1
investigating,1
sensory-overload,1
pre-teens,1
boggling,1
threadflip,1
nags,1
smartest,1
rebranding,1
aaa,1
drools,1
shopalic,1
well'â¤ï¸â¤ï¸â¤ï¸â¤ï¸â¤ï¸â¤ï¸â¤ï¸â¤ï¸â¤ï¸â¤ï¸â¤ï¸â¤ï¸â¤ï¸â¤ï¸â¤ï¸â¤ï¸â¤ï¸,1
peoe,1
ğŸ˜¬ğŸ˜¬,1
atğŸ’™,1
buyğŸ‘ğŸ¼,1
persona,1
creatively,1
cleanest,1
â˜ºï¸ğŸ’Ÿ,1
mixtape,1
morvo,1
4am,1
ephemera,1
jewellery,1
spelled,1
paradise,1
nation,1
wooooh,1
1x,1
2x,1
surely,1
wayğŸ˜’,1
spell,1
priviledges,1
os,1
finishes,1
marcari,1
switchingg,1
presents,1
-additionally,1
ğŸ˜©ğŸ˜©ğŸ˜©,1
ğŸ¤™ğŸ¾ğŸ¤™ğŸ¾ğŸ¤™ğŸ¾,1
intern,1
rerelease,1
sectioned,1
whatd,1
ftp,1
notificafion,1
shop/listings,1
hereâ¤ï¸,1
grade,1
blunt,1
window-shop,1
childish,1
hatred,1
insults/attacks/offends,1
offending,1
butthurt,1
recomend,1
browser/purchaser,1
situational,1
cracking,1
disappear..,1
joint,1
dat,1
breh,1
dependable,1
-bambi,1
ğŸ‘½âœŒï¸,1
uninstalling/reinstalling,1
toooo,1
queertears,1
buying/reselling,1
painfully,1
formerly,1
stages,1
lyfe,1
craigslists,1
solvable,1
hlp,1
facebook..,1
fiends,1
ğŸ˜©ğŸ‘ğŸ½,1
enter/,1
â¤ï¸ğŸ˜ğŸ˜,1
up-to-date,1
trip,1
havnt,1
fiction,1
instagram-style,1
scamâ€“,1
ğŸ¦‹ğŸ¦‹ğŸ¦‹,1
hearts,1
newsfeed,1
far.â€¦,1
inducing,1
garish,1
bragged,1
unwelcoming,1
dread,1
crisp,1
knocked,1
buts,1
macs,1
buddies,1
iphones,1
thou,1
rival,1
clothes/grails,1
owning,1
overlying,1
uneasy,1
clunkier,1
ğŸ€,1
stir,1
ğŸ’œğŸ’š,1
.please,1
exposes,1
mesh,1
toxicity,1
trolls,1
weird..,1
phisher,1
lod,1
medium-high,1
ignorance,1
follow/a,1
message/a,1
.by,1
standing,1
5/item,1
macari,1
newness,1
littering,1
applepay,1
arena,1
thai,1
hinder,1
dirtbag,1
administrators,1
pleaded,1
begged,1
cursed,1
whit,1
glitches/bugs,1
n00b,1
-spam,1
buying+selling,1
-items,1
jean,1
sold/not,1
inactivity,1
assign,1
holic,1
a-,1
shop-,1
underrated,1
selling/shopping,1
share/buy/sell,1
gossip,1
stan,1
brilliance,1
itâ€¦,1
ascetically,1
muchğŸ‘ğŸ¿ğŸ’¯,1
at/navigate,1
â¤ï¸ï¸,1
els,1
footprint,1
jersey,1
lessen,1
traded,1
edemami,1
in-season,1
âœ¨ğŸŒ™âœ¨,1
shells,1
12k,1
dnt,1
.10,1
girly,1
workedâ€”,1
jerks-,1
legitimacy,1
massacre,1
orlando,1
shine..,1
liquid,1
invention,1
appğŸ–¤,1
jockeys,1
redesigns,1
sponsored,1
angsty,1
sites/,1
clothing/stores,1
market/community,1
assortment,1
eclectic,1
bonus,1
escrow,1
ğŸ’•ğŸ˜,1
senior,1
dues,1
tinder,1
wifiâ€”,1
ğŸ¤˜ğŸ¼ğŸ˜‹ğŸ’¯,1
3.5,1
ğŸŒˆğŸ˜,1
app.ğŸ’•,1
readability,1
contents,1
enemy,1
winners,1
prefixed,1
approximately,1
mastercard,1
noy,1
claim/start,1
puke,1
ans,1
forever21,1
holy,1
makeover,1
gradually,1
64gb,1
items.quick,1
786-7468,1
760,1
globaba1st,1
unlocked/network,1
gray-,1
512gb,1
256gb,1
100000/10,1
700s,1
2ndchance,1
âš¡ï¸âš¡ï¸,1
tsailii,1
industry,1
negatively,1
treasures-especially,1
exchanges,1
restore,1
400s,1
reconsidered,1
please.yall,1
maintained,1
youtube,1
amazing.best,1
1.79,1
12.30,1
14.09,1
evanbloom,1
surviving,1
month..,1
inappropriately,1
joeybrzezinski,1
esthetic,1
depressing,1
6.00,1
10.00,1
10/30/2020,1
expression,1
promos,1
shortieeapril,1
rÃ¡pido,1
cache,1
worded,1
mebecause,1
songğŸ¦€,1
evenin'ğŸ˜Œ,1
evem70,1
unusual,1
andi,1
guideline,1
cozy,1
sense.for,1
extending,1
warm,1
breeding,1
frustrating.sorry,1
worse.search,1
shop/items,1
lizzy_m13,1
7.11,1
10.90,1
jacked,1
berries,1
loudğŸš´â€â™‚ï¸ğŸš´â€â™‚ï¸ğŸ“,1
alluded,1
highğŸ“º,1
âœŒğŸ¼ğŸ˜”ğŸ¤¤ğŸ˜§ğŸ˜¨ğŸ˜œğŸ‘ºğŸ˜¢ğŸ‚ğŸ„ğŸ»ğŸ¤¼â€â™€ï¸ğŸ‘ºğŸ˜°ğŸ¿ğŸ˜§ğŸ¤¯ğŸ˜»ğŸ¤¯ğŸ¤¬ğŸ‘ºğŸ˜»ğŸ˜»ğŸ˜˜ğŸ˜ƒğŸ˜™ğŸ˜ƒğŸ˜ğŸ˜„ğŸ¥³ğŸ˜©ğŸ¤¨ğŸ¤“ğŸ˜ŸğŸ¤ªğŸ¤¨ğŸ¤¬ğŸ¤¯ğŸ¥µğŸ˜°ğŸ˜–ğŸ˜±ğŸ¤”ğŸ˜ğŸ¤«ğŸ˜«ğŸ˜‘ğŸ¤®ğŸ˜‘ğŸ¤®ğŸ˜ğŸ˜¨ğŸ‘¿ğŸ‘¹ğŸ¤¡ğŸ‘½ğŸ˜¸ğŸ¤ğŸ¼ğŸ¤²ğŸ¿ğŸ‘ˆğŸ¼ğŸ¤–ğŸ¥¶ğŸ¥¶ğŸ˜‡ğŸ™ƒğŸ˜ğŸ˜‰ğŸ˜,1
annyoing,1
shellie.3858,1
p.s,1
sincerely,1
portray,1
sugarğŸ‰â›¹ğŸ»â€â™€ï¸,1
itğŸ˜ğŸ˜Œ,1
highâœŒï¸,1
highğŸ‰ğŸ¦ğŸ§,1
highğŸ˜ƒ,1
feelin'ğŸ¦„ğŸ˜,1
evenin',1
highğŸ‰ğŸ“º,1
highğŸƒğŸ¦†,1
withoutğŸŒ¾ğŸ§šâ€â™€ï¸,1
evenin'ğŸ¦„âš½ï¸ğŸ¤©,1
sugarğŸ˜ğŸ‘ğŸ‰,1
channels,1
misrepresented,1
pilled,1
contains,1
stuckonaname,1
boredom,1
â—¾ï¸â—»ï¸i,1
abble,1
livvanvranken,1
lookout,1
character,1
indicate,1
1.create,1
guildelines,1
paypal/money,1
17.50,1
tbhangiee,1
costs/earnings,1
spreadsheet,1
fees/paypal,1
enormous,1
app.10/10,1
â—»ï¸â—¾ï¸,1
secured,1
earns,1
dolllars,1
hook,1
36.50,1
denisegraceshop,1
navigate.certain,1
dis-organized,1
android,1
packed,1
amazingspace,1
11.50,1
planthappythoughts22,1
2.103.1,1
matildaordonez,1
clikkieemma,1
dmed,1
bdjsks,1
10.85,1
-1.65,1
16.50,1
10.46,1
ky-the-reptile-lover,1
counteroffer,1
"9,000",1
butt,1
blows,1
uncertainty,1
tales,1
dent,1
mortal,1
julio01,1
erases,1
gathered,1
le,1
dassit,1
thredup.com,1
shrug*,1
*ye,1
reflected,1
-10/100,1
veggieshredder,1
misrepresent,1
softiealoe,1
19.12,1
art/goods,1
â¤ï¸âœ¨,1
athletic,1
size.or,1
mysteries,1
deliberately,1
8363638,1
goons,1
column,1
bracletesbyriley,1
bracelets,1
walaaah,1
friendship,1
witch,1
smhh,1
gaved,1
listened,1
-29394747,1
amiris_hi,1
limits,1
sucky,1
physical,1
rds,1
ğŸ‰,1
poppin,1
ğŸ‘ğŸ¼ğŸ‘ğŸ¼ğŸ‘ğŸ¼ğŸ‘ğŸ¼ğŸ‘ğŸ¼,1
500+,1
/internetgirl,1
uglier,1
bobby,1
sickest,1
everrrrrr,1
retract,1
nonresponsive,1
overdone,1
cropped,1
painful,1
easyy,1
discourage,1
gb,1
adjustments,1
rapport,1
limb,1
perfection,1
fuzzy,1
nocr,1
fot,1
fress,1
buyed,1
â­ï¸â­ï¸ğŸ’“,1
stranger,1
grool,1
ditch,1
casino,1
deletions,1
spacca,1
clown,1
starving,1
cable,1
crown,1
"17,868",1
utilities,1
friendliness,1
foundational,1
observed,1
sustain,1
ğŸ˜©ğŸ†˜â€¼ï¸ğŸ†˜â€¼ï¸ğŸ†˜â€¼ï¸ğŸ†˜â€¼ï¸ğŸ†˜â€¼ï¸ğŸ†˜,1
feesğŸ˜Š,1
-/,1
hun,1
hellloooğŸ˜»ğŸ¤—ğŸ¤—,1
â‰ï¸â‰ï¸â‰ï¸,1
trendier,1
heres,1
aaannndddddd,1
featured/explore,1
edmo,1
"2,397",1
againğŸ˜­dude,1
retype,1
reword,1
close/restart,1
updateğŸ˜­,1
ğŸ™ğŸ™ğŸ™ğŸ™,1
beauty,1
ğŸ¸â˜•ï¸,1
structured,1
donations,1
unintuitive,1
aged,1
vital,1
instagramers,1
booming,1
option-,1
resulting,1
*update-,1
oldest,1
rebrand,1
occurrence,1
novel,1
sentences,1
6.45,1
tiniest,1
you-and,1
deadpoop,1
cheating,1
ğŸ’…ğŸ‘„âœ‹ğŸ‘„âœ‹ğŸ‘„ğŸ‘ˆğŸ½ğŸ‘ˆğŸ½ğŸ‘¤âœ‹ğŸ’…ğŸ‘âœ‹,1
csnt,1
it.thank,1
tiene,1
simplemente,1
nada,1
en,1
ayudaron,1
escribÃ­,1
les,1
que,1
el,1
logiarme,1
aplicaciÃ³n,1
deja,1
ğŸš€ğŸš€ğŸš€,1
Ñ‡ĞµÑ‚Ğ²ĞµÑ€Ğ³,1
Ğ¿Ñ€Ğ¾ÑˆĞ»Ñ‹Ğ¹,1
updates/pm,1
messages/comments,1
ĞºĞ°Ğº,1
Ğ½Ñ€Ğ°Ğ²Ğ¸Ñ‚ÑÑ,1
mejor,1
para,1
*they*,1
onlybleeds,1
return-,1
inthis,1
flowercrownclubb,1
ğŸ¥²,1
uhmm,1
payless,1
assuring,1
ffjk,1
fuks,1
comprar,1
ğŸ–¤luv,1
iiiiiiiiiiiiiiiittttttttttyy,1
looooooovvvvvvvvveeeeeeee,1
ğŸ¦„ğŸ¦„ğŸŒºğŸŒº,1
nuevas,1
cosas,1
intercambiar,1
vender,1
Ğ¾Ñ‡ĞµĞ½ÑŒ,1
Ğ½Ğ¸Ñ…,1
Ğ¿Ğ¾Ğ´Ñ‡ĞµÑ€ĞºĞ½Ğ¸,1
hummie,1
ğŸ˜ˆğŸ¤™ğŸ½,1
ğŸ’•ğŸ‘,1
gud,1
ğŸ’¯ğŸ’¯ğŸ’¯ğŸ’¯,1
cuteğŸ‘assğŸ‘shirtğŸ‘ğŸ‘ğŸ‘fuck,1
ğŸ‘ğŸ‘ğŸ‘,1
yaaaaa,1
but..,1
loooooove,1
Ğ¸Ñ…,1
garbo,1
thiss,1
ğŸ’“ğŸ’“,1
â¤ï¸â¤ï¸ğŸ™ŒğŸ¾,1
lovin,1
ğŸ˜ğŸ‘ŒğŸ¼ğŸ‘ğŸ¼,1
ğŸ‘ğŸ½ğŸ‘ğŸ½ğŸ‘ğŸ½ğŸ‘ğŸ½,1
implies,1
ğŸ”¥ğŸ”¥ğŸ”¥ğŸ”¥,1
ğŸ‘ŒğŸ¾ğŸ‘ŒğŸ¾,1
ittt,1
~vintage~,1
Ğ·Ğ°Ğ¿Ğ¸ÑˆĞ¸,1
Ñ‚ĞµĞºÑÑ‚Ğµ,1
Ğ½Ğ°Ğ¹Ñ‚Ğ¸,1
Ğ¼Ğ¾Ğ³Ñƒ,1
Ñ‚ĞµĞ±Ñ,1
Ñƒ,1
ÑĞºĞ°Ğ¶Ğ¸,1
Ğ³Ğ¾Ğ²Ğ¾Ñ€Ñ,1
Ñ‚ĞµĞ±Ğµ,1
Ñ,1
â…âŸŸâ‹”âŸ’â…âƒâŸ’ğŸ‘½,1
ğŸ‘½âŸŸââ‹‰âŸ’ğŸ‘½âŸ’â‹”âœâŠ‘ğŸ‘½â€âƒââƒâŒ¿âƒâ€âƒâŸ’ğŸ‘½â…âœâ€âŸŸâ‹”âŸ’ğŸ‘½âƒâ‹”ââ‹”âğŸ‘½âƒâ‹”âŸ’â‹âœğŸ‘½â€âƒââŸ’â…âƒâŸ’ğŸ‘½âŒ°âƒââŸ’âŸ’â…âƒâŸ’ğŸ‘½â‹”âœâŸ’ğŸ‘½â…âœâ€âŸŸâ‹”âŸ’ğŸ‘½âƒâ‹”âŸ’â‹âœğŸ‘½âœâŒ°â‹”âŸ’â‹âƒğŸ‘½â…âŸ’âŒ¿âƒâ…âƒâ€âŸŸğŸ‘½âƒâ‹”âŸ’â‹âœğŸ‘½,1
outright,1
falco,1
ava,1
kim,1
jennie,1
ultimate,1
lastest,1
appğŸ’–i,1
220,1
undeniably,1
-never,1
-do,1
of/,1
/sort,1
subpar,1
classes,1
flaked,1
backğŸ˜©ğŸ˜­,1
*do*,1
html,1
.really,1
phishing,1
sold/purchase,1
tortiselle,1
pm/dms,1
distracts,1
off..,1
-only,1
duty,1
25-,1
hashtagging,1
skechers,1
visited,1
determine,1
bcbg,1
thatğŸ˜œ,1
client,1
natural,1
inaccurately,1
unlimited,1
wheres,1
mailman,1
maximize,1
reactions,1
amiibo,1
swapping/selling/buying,1
re-sale,1
ğŸ’–ğŸ“¦ğŸ‘Œ,1
committed,1
3-,1
preply,1
from..,1
themğŸ˜­,1
js,1
patronize,1
teach,1
phase,1
.very,1
withdrawal,1
bullcrap,1
horribleğŸ™ğŸ¼,1
vindictive,1
happy..,1
confuses,1
ğŸ‘ğŸ¿ğŸ‘ğŸ¾ğŸ‘ğŸ½ğŸ‘ğŸ¼ğŸ‘ğŸ¼ğŸ‘ğŸ»ğŸ‘,1
low-ball,1
obtained,1
formula,1
negotiates,1
comments/messaging/notifications,1
learner,1
change..,1
it..,1
gouge,1
transportation,1
negotiations,1
quest,1
boy,1
seriousness,1
freezing/crashing,1
blessed,1
iba_btqm,1
iba_btq,1
backspacing,1
radar,1
concluded,1
combo,1
beheading,1
fiasco,1
u2,1
snafoos,1
reluctantly,1
unfairly,1
50Â¢,1
household,1
thwart,1
bootlegs,1
capitalizing,1
gauging,1
uibugs,1
perks,1
unchecked,1
understand/focus,1
localhipster,1
wreck,1
moderated,1
city/town,1
ghosts,1
bullet,1
wits,1
150+,1
shines,1
charm,1
useless..,1
skewed,1
3y,1
thisğŸ’ğŸ’ğŸ’,1
ironed,1
a-want,1
intelligent,1
sickening,1
wrongly,1
collabs,1
else.i,1
despute,1
c-,1
b-,1
hawaii,1
hoaxes,1
texas,1
position,1
halloween,1
radio,1
silence,1
abundant,1
intention,1
untill,1
scams-,1
cheapness,1
randos,1
bodies,1
overpowers,1
neccesarily,1
evolve,1
use/wear,1
reopening,1
ğŸ˜‰,1
_brooke,1
invoice,1
âœŒğŸ¼ï¸,1
mediation,1
assed,1
assessment,1
resembling,1
fashion/accessories/music/misc,1
emojis,1
shipping/depop,1
grasp,1
2.99,1
lighten,1
thanks~,1
ted,1
kingdom,1
solves,1
rent/bills,1
leisurely,1
secluded,1
also-,1
thredup,1
demented,1
bolding,1
graduated,1
alternative/hipster,1
envelope,1
fkd,1
ğŸ’Œ,1
detached,1
applications,1
attracted,1
retaliated,1
offffffffff,1
rome,1
optimistic,1
greets,1
others-,1
printable,1
qualm,1
tweens,1
referred,1
rebuy,1
sliding,1
devoted,1
curators,1
buildings,1
talented,1
illustrations,1
philadelphia,1
landed,1
cold,1
strangers,1
pockets-,1
blames,1
dreadful,1
residence,1
blast,1
wasteland,1
profitable,1
stimulating,1
scene,1
plastered,1
clashes,1
halted,1
charging/overdrafting,1
part-part,1
imagines,1
mindless,1
inadequate,1
woefully,1
non-shipment,1
apartment/dorm,1
part-time,1
capacity,1
roundabout,1
drones,1
has/had,1
am-,1
superrrrr,1
developersâ€”,1
buffering/general,1
third-,1
inconvenience-,1
rules-tagging,1
untimely,1
two-,1
first-,1
only-,1
individuals-,1
lolol,1
gmail/yahoo,1
issues-,1
conveniently,1
*tl,1
dr*,1
abide,1
savvy,1
powerful,1
interrupted,1
weapons,1
nothing-,1
belonging,1
00,1
buttload,1
severe,1
ebay/etsy/craigslist/brick,1
bounces,1
farley,1
suggests,1
apologizing,1
8.5/10,1
240,1
rocks,1
resting,1
ballers,1
at-home,1
worthwhile,1
collaborating,1
however-let,1
networking,1
downs,1
lifting,1
bought..,1
mentioned..,1
filth,1
earths,1
paypal/depop,1
80plus,1
skills,1
ğŸ˜ŠğŸ˜˜,1
you..,1
5-word,1
lone,1
'posh,1
comment/like,1
reserve,1
typography,1
catching,1
unprofessionalism,1
rudeness,1
weirder,1
swatches,1
unattractive,1
re-searching,1
reliability,1
uneducated,1
unthinkable,1
ing,1
unbanned,1
6months,1
widened,1
-0,1
wonders,1
horrified,1
sticks,1
copying,1
pasting,1
insulted,1
accusation,1
prone,1
disgust,1
'look,1
favour,1
asthetic,1
esque,1
mainstream,1
*cancel*,1
cali,1
heartedly,1
list..,1
this..,1
eff,1
back..,1
presses,1
*back*,1
wasters,1
someplace,1
non-genuine,1
discovery,1
storefront,1
time/trying,1
celebs,1
partnerships,1
cuter/cooler,1
downgrades,1
equipment,1
tasteless,1
app-user,1
settling,1
irks,1
factors,1
spelling,1
grammar,1
pardon,1
category-outerwear-,1
forums,1
have/are,1
lem,1
associations,1
refining,1
defensive,1
prada,1
that..this,1
tiles,1
there..sometimes,1
app..,1
inherently,1
illegitimate,1
.my,1
shapes,1
glaringly,1
jack,1
die,1
seeming,1
flakes,1
dre,1
cruel,1
judgmental,1
defended,1
relaxing,1
idiotic,1
gracious,1
yoh,1
used/unused,1
involving,1
slur,1
smarts,1
realllllllllly,1
outgrown,1
employees/interns,1
â¤ï¸â¤ï¸,1
converter,1
flavors,1
youtuber,1
introduce,1
choppy,1
logo/branding,1
unauthentic,1
unmarked,1
waaayyy,1
none-,1
issues/problems,1
spotlight,1
mercaci,1
mercaci-,1
lte,1
ğŸ™ğŸ¼ğŸ™ğŸ¼ğŸ™ğŸ¼,1
waysğŸ‘ŒğŸ¼ğŸ‘ŒğŸ¼,1
skinny,1
entirety,1
knacks,1
suspensions,1
honor,1
unaesthetically,1
savers,1
ğŸ“¦,1
ğŸ•’,1
schooler,1
stamps,1
art/beauty/fashion,1
ğŸ¯,1
five-star,1
stubborn,1
knick,1
negotiating,1
pinkseashell,1
depop-,1
ğŸ‘©ğŸ¿ğŸ‘©ğŸ¿ğŸ‘©ğŸ¿,1
bums,1
county,1
twenty-five,1
handbags,1
thise,1
activate,1
hiccups,1
promising,1
minimalism,1
2017-level,1
red/black,1
topic,1
promo,1
hired,1
jarring,1
quirky,1
monotonous,1
flannels,1
paltry,1
detecting,1
respectively,1
dc,1
pricesğŸ’•,1
mermaidmya,1
a+++,1
ol,1
kudos,1
currently-trendy,1
imaginable,1
depop/3.4,1
contracted,1
subject,1
38,1
formats,1
knack,1
5*,1
art/clothes,1
indiscernible,1
legible,1
suggestions/trending,1
eyed,1
ğŸ‘ŒğŸ¼ğŸ™ŒğŸ¼,1
b/c,1
insure,1
people-friendly,1
throwing,1
beung,1
williams,1
eyeballs,1
disposable,1
radius,1
1-2-3,1
withhold,1
canceling,1
so..,1
tendered,1
pratical,1
trinkets,1
idek,1
in-expense,1
âœ¨ğŸ™ğŸ½âœ¨,1
invested,1
recipt,1
perform,1
recipts,1
vice,1
whirl,1
debate,1
frickin,1
dedicate,1
mailing,1
finest,1
itâœ”ï¸,1
aim,1
turay..shop,1
victoria,1
"4,000",1
over-the-top-high-price,1
lamps,1
windbreakers,1
prblem,1
rare/cool,1
owns/runs,1
polaroid,1
badly,1
samsung,1
housewares,1
arranging,1
collectible,1
1000+,1
commenter,1
âœŒğŸ¾,1
payday,1
jus,1
cancel/refund,1
rolled,1
liken,1
equivalent,1
whileğŸ™‚,1
need/want,1
iconic,1
7..,1
design/font/function,1
nonfunctional,1
so-and-so,1
assisted,1
recommed,1
edit/,1
ğŸ˜˜ğŸ’‹â¤ğŸ¨,1
restrict,1
777,1
reviewsğŸ‘ğŸ»,1
cops,1
photographed,1
wi-fi,1
cluttering,1
bodysuit,1
'mark,1
tolerance,1
support/community,1
active/have,1
set-up,1
seams,1
â˜ºï¸â˜ºï¸â˜ºï¸â˜ºï¸,1
tv,1
location/currency,1
blouse,1
untraceable,1
ğŸ‰ğŸ’–ğŸŒŸâœ¨,1
freezes/lags,1
connections,1
brick,1
â¤,1
selling/,1
unworn,1
glowingly,1
cocktease,1
shoesğŸ˜„,1
validity,1
5.,1
permanent,1
retweet,1
loopholes,1
likes/follows,1
lockscreen,1
likes/followers,1
ğŸ’™,1
20/20,1
insufficient,1
buyin,1
evolving,1
clothes/vintage,1
excites,1
application~,1
depoper,1
restating,1
people-,1
obsessionâ¤ï¸,1
card/paypal,1
photographs,1
credit/debit,1
"1,000,000,000",1
criteria,1
items..ca,1
shoes-,1
engineering,1
obese,1
citing,1
perfume,1
emphasize,1
detracts,1
noticeable,1
steadily,1
gods,1
buggier,1
tweets,1
squares,1
unsuspended,1
contemplated,1
upgrade/advance,1
detect,1
re-do,1
observe,1
facelift,1
stressing,1
primary,1
goals,1
10.5,1
streets,1
ğŸ˜ğŸ‘‰ğŸ»ğŸ‘‰ğŸ»,1
shop-aholic,1
ğŸ˜ğŸ’•,1
hinders,1
teling,1
weeeeeks,1
time-,1
eight,1
squarespace-,1
design/fonts/style,1
zip,1
alyssa,1
ğŸ‘ŠğŸ¼,1
haggled,1
exceptional,1
whomever,1
descent,1
plethora,1
beacons,1
ages/genders,1
books/records-top,1
ğŸŒ¸ğŸŒ¸,1
ginger_cristina,1
hash,1
ungently,1
couse,1
offerings,1
theyd,1
unbusinesslike,1
loud,1
weeks-months,1
business..,1
chuck,1
identify,1
godinez,1
magnificent,1
easy/fast,1
afğŸ˜”ğŸ˜”,1
ğŸ’ğŸ»,1
that..,1
virtual,1
manageable/simple/easy,1
catalog,1
appâ­ï¸,1
it..ğŸ˜”ğŸ˜”,1
enteratopen,1
progressing,1
bedroom,1
abandon,1
pleasantly,1
times..,1
preexisting,1
shambles,1
screwy,1
sales..,1
ğŸ‘•ğŸ‘šğŸ‘–ğŸ‘”ğŸ‘—ğŸ‘™ğŸ‘˜ğŸ’„ğŸ’‹ğŸ‘ğŸ‘ŸğŸ‘¢ğŸ‘¡ğŸ‘ ğŸ‘’ğŸ’ğŸ‘ğŸ‘›ğŸ‘œğŸ’¼ğŸ‘“ğŸ•¶ğŸ’ğŸŒ‚ğŸ®ğŸ¨ğŸ“·ğŸ“±ğŸ’»ğŸ’°ğŸ“šğŸ¸,1
memories,1
tones,1
relieve,1
weeding,1
homey,1
pretended,1
impolite,1
smelling,1
shredded,1
depict,1
attraction,1
carries,1
shoebox,1
plastic,1
addictions,1
evolves,1
4â­ï¸,1
bits,1
~anyone,1
spaced,1
shock,1
counterfit,1
ğŸ˜¡ğŸš«,1
freeze/close,1
pie,1
fleeced,1
newby,1
pissy,1
disadvantage,1
interfered,1
unwilling,1
ğŸ‘ğŸ¾,1
greatâ—ï¸,1
tainted,1
salespeople,1
reputable,1
city/state/country,1
item..idk,1
too..it,1
.20Â¢,1
etsy..,1
â¤ï¸ğŸ‘ŒğŸ¼,1
rectangle,1
ebay/poshmark/any,1
ğŸ§¡,1
bcs,1
stressin,1
eyeing,1
iraq,1
thatd,1
customers/sellers,1
off/on,1
ğŸ’•ğŸŒˆâœŒï¸ğŸ¥°ğŸ’,1
smallish,1
pov,1
sue,1
same/next,1
items/time,1
curious,1
breakers,1
elgatomontes,1
uncalled,1
laptop..,1
bouncing,1
goose,1
infrequently,1
obscure,1
searchable,1
perimeters,1
agin,1
finishline,1
gateway,1
inferior,1
administrator,1
wild,1
statements,1
dynasty,1
..bcs,1
dissimilar,1
progressive,1
like..,1
reminder,1
bcz,1
setback,1
appeared,1
in/update,1
stealers,1
accuracy,1
article/accessory,1
bugged,1
occurred.,1
unliked,1
slapped,1
abstracts,1
watercolor,1
markers,1
paint,1
drawing,1
9x12,1
pours,1
canvas,1
toxicserenade,1
demanded,1
downfalls,1
overnight,1
okay-,1
bumped,1
love/hate,1
millennials,1
capped,1
30x,1
cÃ¸mply,1
slick,1
mannequin,1
ğŸ¥°ğŸ¦‹âœ¨,1
exceeding,1
homescreen,1
discount/promo,1
badges,1
persist,1
button/option,1
thanking,1
price.ğŸ¤©ğŸ˜„,1
broaden,1
intercept,1
fufill,1
97,1
abandoned,1
joy,1
app/posting,1
acc/paypal,1
buffer,1
thift,1
jinxed,1
3.00,1
silk,1
acne,1
most-used,1
ton-,1
fruad,1
ambiguous,1
ğŸ“ª,1
invite,1
ğŸŒ‹,1
slew,1
establishment,1
mild,1
disclaimer,1
tactics-bids,1
mfy,1
dependent,1
clearance,1
tok,1
tik,1
freak,1
garment,1
admins,1
trump,1
83+,1
monster,1
donald,1
ocean,1
jsut,1
prewritten,1
variusiii,1
âœ¨ğŸ˜ŠâœŒï¸,1
argue,1
hoards,1
app/site,1
flops,1
flop,1
acquired,1
nailed,1
tidy,1
52,1
decently,1
5.70,1
perfectâ¤ï¸,1
.90,1
25+,1
emulate,1
penalized,1
outrages,1
54,1
welcomes,1
proceeded,1
550,1
ğŸ‘ğŸ¼greeaaattğŸ‘ğŸ¼,1
fairness,1
generosity,1
perk,1
450,1
sell-it-yourself,1
use/can,1
bcuz,1
minded,1
toğŸ˜ƒ,1
cancelling,1
upate,1
lawsuit,1
needle,1
hay,1
stack,1
trynna,1
allotted,1
185,1
central,1
emma,1
strides,1
user-face,1
trade/swap,1
10-15,1
platform/following,1
hooray,1
handling-,1
promote/advertise,1
counterintuitive,1
ğŸ¤ªğŸ’–,1
kappa,1
1.needs,1
refund/,1
machoda,1
â­ï¸â­ï¸â­ï¸â­ï¸â­ï¸,1
dez,1
appâ˜¹ï¸,1
skews,1
accumulate,1
hold/,1
hates,1
wouldve,1
750,1
39,1
individuality,1
flask,1
hydro,1
charity,1
blurred,1
-even,1
rea,1
curing,1
throughly,1
interactivity,1
-doing,1
return/,1
arranged,1
frozen,1
ğŸ˜­i,1
unfiltered,1
sotes,1
problems/rooms,1
fake/counterfeit,1
jobless,1
shouldnt,1
.but,1
wosh,1
itsm,1
damper,1
wardrobes,1
slightest,1
accuse,1
explore/featured,1
ratio,1
thing-,1
this-,1
stresses,1
navigable,1
grabbing,1
peers,1
cannt,1
resort,1
slowest,1
quirkiest,1
vogue,1
damages,1
his/her,1
monetize,1
global,1
knock,1
fashion-lovers,1
onâ¤ï¸,1
awayğŸ’—,1
seling,1
ğŸ˜©ğŸ’“,1
supplement,1
psa,1
chamberlain,1
scrambled,1
negativity,1
incorporating,1
china.,1
shirt.â˜¹ï¸,1
1.50,1
accountâ€”unlike,1
poshmarkâ€”which,1
wrench,1
flawlessly,1
commerce,1
threats,1
compassionate,1
troubleshoot,1
business/app,1
overriding,1
stipulation,1
deter,1
favorable,1
navigate/use,1
sales/labels/messages,1
georgia,1
buried,1
10+,1
stumble,1
vemade,1
submitting,1
credited,1
walked,1
saaaame,1
highlight,1
hardworking,1
re-opened,1
pickier,1
policing,1
de-pep,1
uat,1
regression,1
like-able,1
customizable,1
issues/questions,1
huuuuuuuuge,1
navigate/narrow,1
itemğŸ¤¬,1
sellers/,1
purchasers,1
annoy,1
bepop,1
explore/popular,1
eagle,1
collectionâ€¦,1
blind,1
fliter,1
downloads,1
poured,1
ğŸ’›ğŸ’›,1
unholy,1
stuffers,1
indicator,1
stocking,1
9.5,1
5-stars,1
playboy,1
onğŸ˜³,1
locker,1
"5,000+",1
re-click,1
unfreeze,1
operates,1
yrs,1
glammcstyle,1
recognizes,1
limitless,1
vsco,1
modify,1
saturation,1
stillğŸ˜ğŸ¤©ğŸ”¥ğŸ’ªğŸ¼,1
crackers,1
re-pop,1
frosted,1
singapore,1
coach,1
sillouhete,1
evident,1
unaddressed,1
fulfillment,1
product.,1
othersğŸ’•,1
assumption,1
60days,1
unfortuently,1
tendency,1
slashed,1
becareful,1
gathering,1
bajillion,1
nothings,1
ruled,1
",but",1
..to,1
laziness,1
0.5-2,1
login.,1
ğŸ˜­ğŸ˜­ğŸ˜­the,1
poops,1
executes,1
whine,1
wandering,1
abhor,1
dive,1
session,1
scoundrels,1
scallywags,1
ğŸ˜©ğŸ˜­ğŸ˜­ğŸ˜­,1
hardcore,1
everythingğŸ™ŒğŸ˜­,1
imported,1
ğŸ˜¢ğŸ˜¢ğŸ˜¢,1
ğŸ’–ğŸ’•depop,1
popularizing,1
wildly,1
â¤ï¸â¤ï¸â¤ï¸â¤ï¸,1
classified,1
sustainabley,1
discarded,1
cardholder,1
bbb,1
suppressing,1
voices,1
homophobia,1
terrifying,1
refun,1
depopaccount,1
.when,1
58,1
totalling,1
Â«,1
Â»,1
annamcshea,1
heroine,1
inaccuracy,1
naivety,1
norm,1
ethics,1
millions,1
succinct,1
interested/had,1
arguably,1
beep,1
gui,1
graphical,1
shaming,1
fifth,1
intense,1
restricting,1
dipping,1
experimental,1
*negative*,1
-x,1
paypal..huh,1
conducted,1
safeguard,1
disconnects,1
gentrifies,1
finess,1
tiresome,1
blackmail,1
clique,1
land,1
non-stop,1
swiftly,1
hassles,1
smalls,1
showcase/feature,1
themğŸ˜,1
extraordinary,1
permitted,1
hinky,1
1/6,1
lockdown,1
ğŸ‘ğŸ‘ŒğŸ½ğŸ™ŒğŸ½,1
gender-neutral,1
joe,1
/i,1
whim,1
greenlight,1
egregious,1
scumbags,1
enabling,1
mercy,1
hound,1
hosting,1
swim,1
sportswear,1
ğŸ’§,1
france,1
tol,1
liked/saved,1
service..,1
plummet,1
heading,1
marketplaces,1
outcry,1
lending,1
hyping,1
flattering,1
exempt,1
meditating,1
inclusivity,1
ssendnit,1
drawbacks,1
takeaways,1
50+,1
7.5,1
stinks,1
500-,1
insistent,1
doomed,1
11th,1
rage,1
âœŒğŸ½,1
nuking,1
functioned,1
robbedğŸ¤·ğŸ¾â€â™‚ï¸,1
wearabouts,1
fricking,1
fortnite,1
non-clothing,1
realization,1
causally,1
regards,1
again-,1
feed/new,1
followers/liked,1
robbing,1
squabble,1
cheapest,1
boatload,1
collapsing,1
weirdğŸ™‚,1
upside,1
ye,1
ğŸ¤ŸğŸ¿,1
disrespect,1
restated,1
like/message/save,1
memes,1
jan,1
03:05,1
gmt,1
scandalous,1
contain,1
complication,1
opinions,1
up-sellers,1
highschool,1
tshirts,1
goth,1
emo,1
boho,1
necessities,1
family/,1
lackluster,1
incentives,1
tendaji,1
mirembe,1
ab,1
unemployed,1
backout,1
chooseâ£ï¸,1
influenced,1
edge,1
depopğŸ™Œâœ¨and,1
closely,1
misinformed,1
gorgeous,1
â¤ï¸ğŸ¥³,1
explanations,1
interminable,1
9/10,1
accommodating,1
vintage/thrift-,1
sellars,1
conform,1
23rd,1
22nd,1
24th,1
organizations,1
deterrent,1
crowds,1
tweak,1
cohesive,1
trouble-free,1
welcome,1
naacp,1
stepping,1
stricter,1
on-trend,1
october,1
non-rule,1
evenly,1
leniency,1
awarded,1
violations,1
butthole,1
404,1
warranted,1
5-15,1
admire,1
ğŸ’˜ğŸ’˜,1
shocking,1
app/business,1
morons,1
gripe,1
accommodated,1
excluding,1
resending,1
plummeting,1
coin,1
woulddd,1
hehehe,1
0-45,1
46,1
bounce,1
road,1
remembering,1
abundance,1
pw,1
professionalism,1
ğŸŒš,1
improvedâ€”,1
sizes/categories,1
revealed,1
yeezys,1
j,1
matches,1
render,1
76,1
harmed,1
exaggeration,1
grew,1
duped,1
25-30,1
played,1
anything..,1
willingness,1
companion,1
boom,1
purchaser,1
anti,1
poc,1
exsist,1
symbols,1
supremacy,1
anthem,1
subtracting,1
resurrect,1
willynilly,1
compensate,1
fixated,1
belligerently,1
mislabeling,1
exacerbated,1
frames,1
plead,1
edit/dna,1
dayyys,1
vastly,1
posters,1
know/didn,1
shipper,1
selling-wise,1
platform-wise,1
logistics,1
~oliviasclthes,1
miscellaneous,1
revision,1
nonconforming/nonbinary,1
upcoming,1
someoneğŸ™„,1
careful..,1
financially,1
selves,1
clearinghouse,1
4-account,1
pre-made,1
mineâš¡ï¸,1
sabotage,1
inpatient,1
igirl,1
defeat,1
horrifying,1
middle-upper,1
finance,1
refurbished,1
interfaces,1
considered/implemented,1
gender=sex,1
ethic,1
addâ€”,1
ğŸ’«,1
impatient,1
/used/,1
genderless,1
implied,1
170,1
improvment,1
paying.,1
edit-,1
equaling,1
120+,1
referrals,1
ğŸ˜©ğŸ¤£,1
messenger,1
baught,1
acct/profile,1
draw,1
veggie,1
blenders,1
new..,1
etchings,1
to/are,1
notoriously,1
alliance,1
crabs,1
29,1
locking,1
enlisting,1
chile,1
categorization,1
surrogacy,1
images/,1
playlist,1
mechanism,1
eb*y,1
back-n-forth,1
convos,1
todrick,1
thirty,1
hallğŸ˜‚,1
corset,1
correcting,1
customers..,1
restock,1
futile,1
79,1
paranoid,1
non-famous,1
ise,1
celebrities,1
digit,1
shout,1
daniel,1
5/10,1
inseams,1
baggy,1
junkies,1
uncovered,1
second-,1
hiring,1
gag,1
sike,1
reflecting,1
copied,1
origin,1
passcode,1
series,1
like/saved,1
fedex,1
hoody,1
scammed..,1
stead,1
ecstatic,1
scares,1
kinder,1
chimes,1
unbearableâ€”,1
nautica,1
surface,1
ğŸ’,1
fix..,1
old-,1
money-,1
serve,1
ğŸŒ,1
â™»ï¸,1
tech-savvy,1
ğŸ¤·ğŸ½â€â™€ï¸and,1
wholesale,1
"999,999,999",1
biddings,1
selfie,1
shutter,1
accomplish,1
watching,1
moderating,1
witnessed,1
slows,1
ğŸ¤¦â€â™€ï¸,1
masks,1
penalty,1
wh0r3s,1
cod,1
2.70,1
ğŸ§¡â˜€ï¸â˜€ï¸great,1
â˜€ï¸â˜€ï¸ğŸ§¡,1
depopğŸ˜Œ,1
laggiest,1
thanksâ£ï¸,1
golden,1
fitbit,1
kaye,1
oorah,1
thrifts,1
glamorous,1
shine,1
recoding,1
module,1
cam,1
pulls,1
hurtful,1
eyesight,1
authenticate,1
dgaf,1
incomes,1
checklist,1
issue.,1
harmful,1
now-,1
backtrack,1
overview,1
desjardins,1
ummmm,1
writhing,1
stroll,1
glimpses,1
adornments,1
ğŸ•Šâœ¨ğŸ¦‹,1
veronica,1
vintagebyvero,1
hiding,1
millisecond,1
umber,1
use/look,1
brand-related,1
weill,1
reciepts,1
sold/,1
elect,1
sneaks,1
24-26,1
programmed,1
delays,1
45+,1
passing,1
upsets,1
mounting,1
galaxy,1
note9,1
trudging,1
archive,1
personalities,1
jusitified,1
snowflakes,1
fatuous,1
obfuscate,1
glaring,1
ğŸ˜³ğŸ™ˆ,1
someway,1
about.i,1
peachy,1
around~,1
p-mark,1
impulsively,1
formating,1
unresolved,1
wantğŸ‘ğŸ˜,1
surrounded,1
nifty,1
unsmooth,1
thingsğŸ’•,1
lowerğŸ˜‘,1
oobash,1
lowercase,1
screaming,1
universally,1
recognizable,1
emoji,1
2/3rds,1
bby,1
overpay,1
ğŸ™ğŸ½,1
consequently,1
..same,1
advertises,1
dropshipper,1
creeped,1
dell,1
seasoned,1
hanging,1
valuable,1
switapps,1
270,1
faked,1
tkk,1
guided,1
"1,500",1
shien,1
touchscreen,1
edges,1
emptied,1
lillyybearr,1
freshen,1
anymore.ğŸ’—ğŸ’—ğŸ’—,1
accordance,1
fess,1
correction,1
moose,1
mouse,1
ğŸ˜,1
z,1
tweaking,1
touched,1
dollskill,1
impeccable,1
saraobrienn,1
quarantine,1
coupon/,1
rules/,1
self-esteem,1
ğŸ¥°â¤ï¸,1
81,1
informative,1
deplorable,1
destroying,1
pp,1
soooooo,1
wishlists,1
boot,1
wouk,1
linkğŸ˜,1
cosmetic,1
-catchthiswave,1
ğŸ˜–,1
banning,1
glitches..,1
sucking,1
tittle,1
rare/vintage,1
breaching,1
skool,1
ğŸ‘,1
cahoots,1
jnco,1
pants/jeans,1
hateted,1
scrol,1
lined,1
shameful,1
ğŸ˜“,1
kate,1
spade,1
debit/credit,1
4-6.5,1
transacting,1
internationaly,1
seemingly,1
nickel,1
trendiest,1
ploys,1
farm,1
phat,1
adjustment,1
troll,1
darned,1
script,1
to..,1
âŒâ­•ï¸âŒâ­•ï¸,1
-bloojay,1
fist,1
encounters,1
politics,1
critical,1
aight,1
resells,1
families,1
entrepreneurship,1
healthy,1
combinations,1
yeesh,1
low-high,1
4-5-6,1
from-,1
ğŸŒ,1
centered,1
wonky,1
number..,1
diggin,1
archives,1
.only,1
ğŸ’ªğŸ½ğŸ™ğŸ½ğŸ’¯ğŸ†,1
ace,1
polished,1
30-80,1
leather,1
pennies,1
etc..,1
shâ€”,1
70s-y2k,1
hunters,1
orientation,1
covers,1
edgy,1
fashionably,1
absolved,1
dull,1
requiring,1
unfollows,1
inactivate,1
bach,1
impossibly,1
restricted,1
mercai,1
granddaughter,1
docs,1
daughters,1
paypal..,1
recollection,1
operated,1
referral,1
one..,1
marine,1
all..,1
capture,1
jerked,1
negligence,1
nbot,1
bts,1
lightstick,1
buying/shopping,1
issues/bad,1
seller/sellers,1
proud,1
teased,1
ğŸ˜”,1
kanken,1
fallowing,1
stupidest,1
multi,1
polices,1
scrounging,1
sucked,1
pattern,1
sooooooo,1
-30,1
uncooperative,1
hmm,1
ana,1
oml,1
listings/posts,1
pleaseeeee,1
accountğŸ™,1
foods,1
eager,1
inserted,1
schoolers,1
upcharged,1
romwe,1
coders,1
sexually,1
unsave,1
opinion..,1
ghetto,1
navigate/purchase/,1
schemes,1
jankier,1
whichever,1
personalize,1
engineers,1
neural,1
absent,1
lurchase,1
ğŸ‘ğŸ¾,1
eco-friendly,1
train,1
assumptions,1
competitor,1
upcycled,1
ironically,1
ğŸ§,1
aliexpress/wish,1
fam,1
footed,1
wondered,1
odds,1
hand-select,1
uber,1
saleena,1
pictures/videos,1
technology,1
honey,1
conventional,1
4x6,1
gambling,1
earn/pay,1
angles,1
aaaaaall,1
boarder,1
imho,1
scot,1
poof,1
glory,1
therefor,1
meticulous,1
ğŸ˜³ğŸ™„,1
sketchers,1
dayğŸ’œğŸ’œğŸ’œ,1
alter-ego,1
2weeks,1
lowers,1
pleeeaasee,1
sweatshirts,1
k,1
unfollowing,1
duplicate,1
worries,1
disappoints,1
wishlist,1
creer3,1
backed,1
howeverâ€”numerous,1
mandatorily,1
1980,1
savings,1
liable,1
elite,1
creation,1
qualms,1
hesitation,1
screenrecord,1
worsened,1
size/price,1
price/size,1
a-list,1
unprotected,1
ğŸ˜‘ğŸ˜‘,1
receptive,1
uninviting,1
worrying,1
external,1
repeats,1
fustrating,1
tome,1
s/90,1
vintage-hipster-retro,1
infringe,1
cooperate,1
management,1
automated-,1
patronizing,1
deranged,1
reappear,1
re-open,1
enforces,1
glichie,1
rulers,1
48hrs,1
repaid,1
harley,1
davidson,1
disclosed,1
maintenance,1
performance,1
wos101,1
fool,1
",2019",1
excusing,1
verbiage,1
irregular,1
skim,1
troubleshooting,1
6-8pm,1
20th,1
canned,1
ip,1
appğŸ¤‘ğŸ¤‘ğŸ¤‘ğŸ¤‘ğŸ¤‘ğŸ¤‘ğŸ¤‘ğŸ¤‘ğŸ¤‘ğŸ¤‘ğŸ¤‘ğŸ¤‘ğŸ¤‘ğŸ¤‘ğŸ¤‘ğŸ¤‘ğŸ¤‘ğŸ¤‘ğŸ’µğŸ’µğŸ’µğŸ’µğŸ’µğŸ’µğŸ’µğŸ’µğŸ’µğŸ’µğŸ’µğŸ’µğŸ’µğŸ’µğŸ’µğŸ’µğŸ’µğŸ’³ğŸ’³ğŸ’³ğŸ’³ğŸ’³ğŸ’³ğŸ’³ğŸ’³ğŸ’³ğŸ’³ğŸ’³ğŸ’³ğŸ’³ğŸ’³ğŸ’³ğŸ’³ğŸ’°ğŸ’°ğŸ’°ğŸ’°ğŸ’°ğŸ’°ğŸ’°ğŸ’°ğŸ’°ğŸ’°ğŸ’°ğŸ’°ğŸ’°ğŸ’°ğŸ’°ğŸ’°,1
bug/feature,1
follow-up,1
app/bought,1
pastors,1
joking,1
foul,1
markups,1
depop.,1
lc,1
transactions/fees,1
nikki,1
peter,1
coronavirus,1
scary,1
imma,1
mikki,1
distinction,1
ğŸ’œğŸ’œğŸ’œ,1
shall,1
alllllllllllllllll,1
showcasing,1
decades,1
latter,1
endure,1
anythingğŸ¤·ğŸ½â€â™€ï¸,1
*my,1
subdivide,1
clothesğŸ˜­,1
look-alikes,1
adidas,1
anonymousâ€”you,1
unlinking,1
t..,1
feed..,1
sideways,1
egalitarian,1
needles,1
haystack,1
seas,1
convent,1
earsed,1
speech,1
discrimination,1
famous/popular,1
totem,1
pole,1
ğŸ¤¦ğŸ½â€â™€ï¸,1
with/without,1
itemsğŸ˜Š,1
hoooleyy,1
autonomy,1
range/etc,1
secondhand/recycled,1
navy,1
stationed,1
downtown,1
cope,1
appâ€”,1
enhanced,1
achieve,1
draining,1
4/10,1
nearing,1
cleans,1
alotttt,1
keys,1
son,1
sizes/price,1
bumping,1
suree,1
wifi..,1
doubting,1
rearranged,1
notifications/can,1
judgment,1
information.,1
opting,1
pleasurable,1
doesent,1
refundğŸ¤¬,1
wierd,1
redown,1
feins,1
seeable,1
obstacle,1
animals,1
plants,1
5.75,1
unauthorized,1
cumbersome,1
furniture,1
burden,1
useless-,1
sales/purchases,1
knowledgeable,1
educate,1
credibility,1
alternate,1
discipline,1
sell-,1
vinyl/cd/dvd/vcr,1
specs,1
race,1
please.ğŸ˜”,1
matching,1
updateâ€”the,1
obtrusive,1
sane,1
benefiting,1
8k,1
slippers,1
lbs,1
mk,1
flourish,1
spam/marketing,1
fruition,1
ruined..,1
post/listing,1
launching,1
rope,1
crochet,1
remaking,1
re-uploading,1
selling/finding,1
cardboard,1
2-6,1
disrupting,1
peaceful,1
imagined,1
now.,1
hugely,1
imei,1
countered,1
search/sort,1
116,1
+shipping,1
.30,1
registry,1
game..,1
existence,1
midnight,1
costimize,1
tl,1
alibaba,1
don'ts,1
usable,1
dev,1
pickup,1
second-she,1
impulse,1
merely,1
administration,1
attributing,1
marvelous,1
subcategory,1
forthright,1
.appealing,1
accs,1
slowing,1
junior,1
blinds,1
hoax,1
corona,1
e-mailed,1
sassy,1
correlation,1
compatibility,1
headquarters,1
sillohuete,1
regiÃ³n,1
refrained,1
pink,1
ikğŸ˜’ğŸ™„,1
inflate,1
gemmed,1
rips,1
gamestop,1
tradin,1
variation,1
graileds,1
2xl,1
introverts,1
4th,1
.woking,1
recovered,1
nikitashop,1
outrage,1
headphones,1
vpn,1
focuses,1
everyones,1
8.00,1
fortunate,1
recycle/sell,1
wrapped,1
fanny,1
fannypack,1
kidney,1
policies/,1
boasting,1
humor,1
7.30,1
nobles,1
envelops,1
fighting,1
bubbasbubbles,1
subtle,1
4ish,1
ğŸ‘ğŸ½ğŸ‘ğŸ½ğŸ‘ğŸ½,1
willâ¤ï¸,1
unmotivated,1
conscience,1
18-,1
participating,1
classifying,1
sway,1
margin,1
feminine,1
boundaries,1
sourced,1
gendering,1
abandoning,1
ğŸ˜ğŸ‘ğŸ½,1
pay/checkout,1
excepted,1
obligated,1
tester,1
purchasing/selling,1
ğŸ’€ğŸ’€,1
sales-,1
lessening,1
droppship,1
mannered,1
sku,1
besttttt,1
ğŸ˜’ğŸ˜’ğŸ˜’,1
â€¼ï¸,1
timer,1
much..,1
hut,1
biy,1
copping,1
premade,1
capable,1
village,1
capitalist,1
pigs,1
extort,1
popularized,1
proxy,1
asking/reminding,1
elaborate,1
protection..,1
policy/reviews,1
~meela312,1
2014,1
delivert,1
neglected,1
tricky,1
tuning,1
received-,1
sel,1
site/app,1
cost/navigation/incentive,1
**listing,1
whatğŸ˜‚,1
fer,1
dis,1
ğŸ˜ŠğŸ¤©,1
cheated,1
reship,1
ğŸ˜ğŸ’—ğŸ¤‘ğŸ’ğŸ½,1
adventures,1
ğŸ¦,1
coats,1
instagrams,1
sanitized,1
quickest,1
billion,1
tyler,1
invert,1
pleasee,1
chicago,1
itğŸ¤·ğŸ½â€â™€ï¸,1
sunny,1
6-10,1
ğŸ’“,1
kit,1
30-45,1
ğŸ˜­ğŸ˜­ğŸ˜­,1
meela,1
a-1,1
forğŸ’—,1
streak,1
exploitation,1
things.,1
longtime,1
mechanics,1
3-4x,1
inputs,1
destination,1
escape,1
approval,1
refunds-said,1
exploits,1
morally,1
report/block,1
respectfulness,1
off-app,1
42,1
hmph,1
pigeon,1
wks,1
expectation,1
mistaken,1
reshipped,1
loser,1
foster,1
unrealistic,1
fearing,1
reissue,1
geatly,1
run-around,1
trivial,1
impacts,1
snarky,1
unknowingly,1
stigma,1
swipes,1
penalties,1
wards,1
new-,1
10k,1
scamed,1
looted,1
polly,1
freaked,1
princess,1
zara,1
daily-,1
keen,1
kindly,1
november,1
poorer,1
bueno,1
september,1
depop..i,1
contemporary,1
chidi,1
tim,1
divided,1
contested,1
fetched,1
-this,1
tactile,1
sam,1
thiefsss,1
seek,1
prompts,1
4.65,1
jumps,1
accruing,1
ğŸ˜«ğŸ˜¡,1
-submitting,1
-general,1
-maybe,1
hm,1
restocking,1
dated,1
ğŸ¤,1
updateğŸ¥²,1
template,1
ammend,1
in..,1
already-taken,1
forbidden,1
advantages,1
9/25,1
strengthen,1
â™¡,1
changer,1
unavoidable,1
irritates,1
genders,1
app-tried,1
/has/,1
cooperative,1
hips,1
20-30,1
destress,1
shipped/messages,1
support/service,1
anarchical,1
lauren,1
0.5lbs,1
denying,1
ğŸ˜¡ğŸ¥±ğŸ‘ºğŸ‘ºğŸ˜ªğŸ‘¹ğŸ‘¹ğŸ‘¹ğŸ‘¹ğŸ‘¹ğŸ˜”ğŸ˜”âš ï¸ğŸ’†â€â™€ï¸ğŸ’†â€â™€ï¸ğŸ˜¬,1
restrictive,1
over-weight,1
textbooks,1
meals,1
deny,1
post/you,1
curation,1
ralph,1
hereğŸ™„ğŸ¤šğŸ¼,1
public.,1
e.g,1
error.,1
thingy,1
overalls,1
crashing-please,1
ğŸ’…ğŸ’…ğŸ’…,1
..business,1
7/9/20,1
elegance,1
dec.,1
nov.,1
unblocked,1
ğŸ˜,1
premote,1
6000,1
proves,1
engaged,1
15.,1
freedom,1
alittle,1
infront,1
66,1
135,1
postal,1
urself,1
correspond,1
reallllly,1
ğŸ˜˜ğŸ˜ğŸ¥°,1
whining,1
folding,1
algorithm-,1
3-5,1
dankgirl,1
exaggerating,1
sht,1
washing,1
drying,1
5x,1
cracked,1
reconnected,1
apex,1
items..,1
hopped,1
unstalling,1
laos,1
ant,1
larger-,1
follow/following,1
authorize,1
paycheck,1
t-,1
showcases,1
photos-,1
bios,1
tags-,1
likes/saved,1
6/,1
ğŸ‘„,1
creativeness,1
easy/straightforward,1
sales/reviews,1
unappealable,1
neverrrr,1
mutple,1
curse,1
keychain,1
hustled,1
eliminates,1
visualize/start,1
hands-off,1
coat,1
enhance,1
temporarilyğŸ’—,1
pads,1
dropping,1
comp,1
uploads,1
campaign,1
30Â¢,1
acknowledgment,1
page/feed,1
finances,1
independently,1
appreciates,1
involvement,1
vintage-,1
intoâ€”not,1
-2,1
humongous,1
heat,1
smth,1
installing,1
up.ğŸ˜¡,1
followers..,1
enforce,1
combing,1
begun,1
y2vintage,1
relation,1
handed,1
temper,1
tantrum,1
styled,1
awsomely,1
infuriate,1
josÃ©,1
mobile-heavy,1
bases,1
high-volume,1
koolnicole,1
homier,1
elude,1
*ss,1
cheek,1
counterproductive,1
competition,1
candle,1
plarform,1
clithes,1
commentator,1
army,1
upmarket,1
reciprocate,1
diy,1
key.,1
handbooks,1
slacking,1
gothic,1
ğŸ˜‚â™¥ï¸ğŸ˜,1
striking,1
gurl,1
branded,1
database,1
critiques,1
completed.,1
medias,1
15x,1
bargaining,1
ğŸ¦‹also,1
saken,1
fifty,1
forty,1
sponsered*,1
4-5/5,1
twit,1
digitally,1
ğŸ¤¢ğŸ’©ğŸ¤¡,1
pinpoint,1
hills,1
sport-tee,1
produced,1
passport,1
love.,1
homeboy,1
turtlenecks,1
here-,1
problem-,1
trap,1
documents,1
generations,1
logically,1
pokemon,1
activewear,1
intimates,1
purses,1
sketched,1
standardize,1
pre-paid,1
standoffish,1
voicing,1
voiced,1
creeps,1
ties,1
improperly,1
trademarked,1
dilemma,1
seamstress,1
consuming-,1
speaks,1
categorizing,1
webpage,1
account-,1
advising,1
binds,1
..whew,1
âœ…,1
appğŸ’¯,1
stockx,1
bogus,1
strike,1
people/styles,1
cassie2007,1
anime,1
immaculate,1
hottest,1
meassages,1
th,1
nieces,1
horrific,1
issuing,1
10th,1
angers,1
this/ban,1
organizes,1
salaries,1
budge,1
ğŸ˜¡ğŸ˜¡,1
rey,1
cassie,1
tanks,1
agrees,1
opted,1
longway,1
free/seller,1
spectrums,1
ğŸ˜‰ğŸ¤©,1
yas,1
definetly,1
authenticating,1
jt,1
gif,1
decluttering,1
fw,1
sounded,1
15k,1
signal,1
drawn,1
roi,1
inclined,1
baiiii,1
good/fair,1
distractions,1
immorality,1
stronger,1
heartbeat,1
belittles,1
demonstrate,1
defects,1
awfully,1
inconsistency,1
resonance,1
estimate,1
lurking,1
compromise,1
efforts,1
â˜ºï¸libby_causey,1
inquired,1
overcharged,1
also***,1
ew,1
increases,1
rat,1
designating,1
hesitate,1
bend,1
affiliated,1
reverse,1
5star,1
float,1
guru,1
cheeks,1
tripling,1
forget/,1
advert/sale,1
deducting,1
uo,1
precise,1
fawn,1
elegantly,1
ğŸ–¤âœ¨,1
receving,1
threres,1
featured/sell,1
moonstone,1
statement,1
pro-sustainability,1
ğŸ’šğŸ’œâ¤ï¸ğŸ’›ğŸ‘,1
cheapens,1
680,1
pumped,1
ğŸ¤•,1
wtff,1
nose,1
..a,1
uicideboy,1
eee,1
ukrainian,1
weeeeeeeks,1
sites/apps,1
spam/scam,1
scrunchies,1
hippie,1
ğŸŒ¼ğŸŒ¸ğŸ€ğŸ¦the,1
mister,1
grt,1
void,1
surfacing,1
deposited,1
solely,1
fira,1
buy/sell/trade,1
mqueen,1
with..,1
-thought-,1
alexander,1
dior,1
emphasizing,1
madder,1
renowned,1
hilarious,1
premise,1
beggin,1
favourite,1
ğŸ‘ğŸ»ğŸ‘ğŸ»ğŸ‘ğŸ»,1
depart,1
expiring,1
cooperating,1
service/support,1
mishaps,1
ğŸ˜€,1
essentials,1
contradicting,1
dopest,1
clothes/,1
shotty,1
ğŸ–¤ğŸ’…,1
decaprio,1
leonardo,1
decreasing,1
happiness,1
mission,1
binary,1
chart,1
fast-fashion,1
niiiiice,1
hesitating,1
floor,1
tampon,1
aligning,1
ily,1
scroll-thru,1
pirateship,1
sweethearts,1
farther,1
ğŸ¤²ğŸ¼,1
easyto,1
a++++++,1
robs,1
altercations,1
somethig,1
manual,1
unlikely,1
aye,1
dick,1
do//,1
mothers,1
lighter,1
comprise,1
boyfriends,1
ğŸ˜ğŸ˜ğŸ˜,1
envelopes,1
strong-arm,1
pajamas,1
emi,1
surreal,1
ğŸ˜©ğŸ˜‚ğŸ˜‚,1
findings,1
visiting,1
diamonds,1
twin,1
'em,1
layer,1
fuzz,1
faded,1
sell..,1
hairs,1
depositing,1
upsetğŸ˜‡,1
hostility,1
grails,1
wuv,1
ğŸ¤©,1
unprecedented,1
reinstated,1
precautions,1
bait,1
investment,1
docked,1
â¤ï¸â£ï¸ğŸ‘ŒğŸ¾,1
bonkers,1
sanity,1
repurpose,1
invasive,1
groovy,1
rediculous,1
rake,1
p*shmark,1
m*ercari,1
unclick,1
ariannachilds2,1
loooove,1
non-needed,1
tereable,1
1/4th,1
firsthand,1
7501,1
quota,1
faces,1
dog,1
ğŸ¤«,1
drip,1
updateâ€”,1
distinctly,1
flew,1
intriguing,1
camaraderie,1
rise,1
â€“,1
sun,1
abusing,1
issue/glitch,1
fuses,1
clarifying,1
recents,1
back-and-forth,1
bestowing,1
miscommunications,1
inevitably,1
totaling,1
unregulated,1
kardashian-obsessed,1
cookie-cutter,1
literly,1
rooting,1
gapped,1
explore/for,1
waaaaay,1
malfunction,1
overpaid,1
please-as,1
features/more,1
devs,1
demonstrated,1
litttttâ€¼ï¸ğŸ”¥â¤ï¸,1
not-cool-enough,1
uninstalls,1
mindğŸ˜”,1
dads,1
stuffâ™¥ï¸â™¥ï¸â™¥ï¸i,1
thay,1
ğŸ˜â™¥ï¸you,1
randomizer,1
madğŸ˜,1
itğŸ’•,1
platflorm,1
assigned,1
implement-,1
pains,1
8-,1
8.41,1
5.40,1
venue,1
shaky,1
burning,1
heap,1
thieves,1
gen,1
brainer,1
donate,1
bane,1
physically,1
6th,1
scraggly,1
ears,1
follower/buyer,1
underdogs,1
230,1
fellas,1
shopify,1
rock,1
pon,1
literally-,1
re-like,1
beginners,1
unisex-,1
cliquey,1
way.,1
245,1
reloads,1
doin,1
whyğŸ˜,1
landscape,1
abhorrent,1
thankkkkkkkkks,1
nonstop,1
37,1
mailbox,1
hours-,1
credible,1
edition,1
insists,1
buds,1
16/,1
falls,1
ğŸ˜Šhappy,1
chloe,1
hipper,1
+20,1
liked/,1
02/04,1
6.30,1
eating,1
disorder,1
waaaaaaay,1
customizing,1
customized,1
garnered,1
payouts,1
hug,1
ksu,1
wordsğŸ¥ºğŸ¥ºğŸ¥º,1
noone,1
artiste,1
tweet,1
opt,1
messaging/putting,1
distracted,1
toooon,1
likes/saves/purchases,1
likes/purchases,1
promoted-not,1
10k+,1
buyer-where,1
surprisingly,1
frontrunner,1
partnering,1
circle,1
item/scam,1
iso-do,1
something-,1
allllll,1
156,1
lll,1
unreasonable,1
pen,1
chronic,1
policyğŸ¤¦â€â™‚ï¸,1
experimented,1
softie,1
spice,1
lore,1
curb,1
inexplicably,1
1500,1
annoyinggggg,1
stuff+make,1
made/spent,1
blanked,1
math,1
money/save,1
stripe,1
nerves,1
redirects,1
when/if,1
safeguards,1
scalpers,1
70's-90,1
undownload,1
shoulder,1
5-6,1
underpaid,1
mistreated,1
mawmas,1
posession,1
ramuneiisclothing,1
prioritizes,1
importance,1
rechecked,1
telephone,1
url,1
pretending,1
macbooks,1
hack,1
married,1
ğŸ¤ªğŸ¤ªğŸ¤ª,1
thanx,1
50-,1
counterfeits,1
boomerangs,1
calculations,1
zendesk,1
laptops/desktops,1
with/for,1
blockee,1
etiquette,1
ago.,1
maiden,1
unsupported,1
kpop,1
liberty,1
accord,1
overlook,1
photocards,1
milk,1
initiated,1
insidious,1
smallest,1
service-,1
elliebertling,1
appâ˜ºï¸,1
******rating,1
update-problem,1
********,1
purchases/sales,1
users.i,1
obv,1
âœŒğŸ»,1
r/depop,1
her.,1
resolves,1
account.,1
synchronize,1
reachable,1
lolğŸ’›,1
survey,1
comparable,1
fairy,1
conspiring,1
collages,1
infringed,1
facilitate,1
familliar,1
unaware,1
long..,1
creepy,1
precisely,1
universe,1
bough,1
65,1
3.7whatever,1
1/5,1
tapped,1
my/other,1
delete/see,1
select/tap,1
fitted,1
burn,1
misrepresenting,1
dropshipping..,1
bsssss,1
announcements,1
jackpot,1
achieved,1
ğŸ™ğŸ»,1
slowness,1
ğŸ˜¡ğŸ¤¬,1
canadian,1
aaaaaa,1
depopâ€¼ï¸,1
debopbetter,1
4.25/5,1
re/done,1
birthdays,1
products-,1
ğŸ‘ŒğŸ¼ğŸ‘ğŸ¼ğŸ‘ğŸ¼,1
altered,1
redownloded,1
toload,1
thw,1
reiterating,1
futuristic,1
agains,1
xxxxl,1
pants/stretchy,1
wash,1
offcourse,1
ğŸ’ƒğŸ½,1
yoj,1
regrets,1
disabling,1
sponsoring,1
glance,1
misplaced,1
non-functional,1
wholly,1
disinclined,1
360,1
cousin,1
her/his,1
dollarsâ€¼ï¸â€¼ï¸â€¼ï¸,1
rewarded,1
sharp,1
2-4,1
learnt,1
inclements,1
sonya,1
strains,1
fans,1
twice-,1
.useless,1
garde,1
impenetrable,1
inaccessible,1
recession,1
spit,1
registration,1
repeat,1
swearr,1
synced,1
ware,1
catches,1
account/making,1
sequentially,1
petite,1
price/description,1
brilliant,1
avant,1
typeface,1
notifications/,1
tricking,1
instruction,1
7-8,1
ğŸ’•ğŸŒ±,1
frustrations,1
fishy,1
pace,1
lacked,1
reduction,1
relearn,1
.85,1
9.85,1
alongside,1
deepak,1
perv,1
dear,1
oilers,1
events*,1
colorado,1
lean,1
handpicked,1
90s-era,1
hurdle,1
musician,1
ğŸ‘‰ğŸ‘ˆ,1
facing,1
professionally,1
mediocrity,1
screen-sized,1
/rampant,1
vertically,1
horizontally,1
resource,1
detach,1
ğŸ’¢,1
-5,1
9.98,1
meetings,1
drop-down,1
olds,1
taunting,1
cashapped,1
creature,1
hoot,1
timeline,1
nikkisweet,1
unworthy,1
papal,1
ward,1
cruelty,1
cursing,1
barcode,1
consumer/merchandiser,1
dimensions,1
rearrangement,1
laptop/desktop,1
re-installed,1
arriving,1
rehab,1
klochella,1
c2c,1
extreme,1
rescinded,1
outta,1
out..,1
useable,1
themself,1
catalogue,1
plural,1
vowed,1
carhartt,1
ahhhhhh,1
dropshipping.,1
2-3x,1
upcycle,1
cheat,1
manufactures,1
procrastinating,1
shouts,1
somethin,1
attending,1
photographer,1
faithfully,1
header,1
customization,1
sweetheart,1
exes,1
ğŸ™ƒâ˜¹ï¸ğŸ˜¡,1
traveling,1
stayin,1
prospering,1
pe,1
reminders,1
72,1
maximum,1
passes,1
travelers,1
moves,1
flatlined,1
arose,1
backing,1
~a,1
wigs,1
goodness,1
antiques,1
stones,1
sami,1
overrides,1
ğŸŒ€,1
explore/discover,1
respectable,1
east,1
mystery,1
94,1
93,1
juts,1
massively,1
disappearance,1
sports,1
click/go,1
pointless-,1
recurring,1
guardians,1
page/items,1
copy-paste,1
if/when,1
flipping,1
qol,1
nov,1
becuase,1
asleep,1
re-entering,1
sell/see,1
treating,1
work-,1
125,1
disadvantages,1
wrong.,1
sizes/measurements,1
string,1
unjust,1
highway,1
paypal/usps,1
15-16,1
donated,1
magazine,1
stoped,1
dident,1
revive,1
shaking,1
jones,1
highs,1
lights,1
shower,1
curtain,1
*we*,1
explorers,1
aimed,1
things~,1
aviod,1
scott,1
buuuut,1
spiteful,1
sheer,1
stiletto,1
isle,1
applicable,1
exorbitantly,1
destroys,1
quotes,1
haters,1
travis,1
national,1
defend,1
alleged,1
one.,1
18months,1
midst,1
smfh,1
regretted,1
font..,1
*crosses,1
reallllyyy,1
non-automated,1
broadcasting,1
scrolling..,1
pitiful,1
update..,1
big..,1
backpack,1
angeles49,1
amazed,1
pal.,1
vintage-appreciating,1
screeching,1
drafted,1
queue,1
insta/snap,1
sao,1
triggers,1
nottt,1
cancellation,1
initiating,1
leaf,1
brand*,1
buisness,1
drugs,1
drug,1
tying,1
mary,1
jane,1
eilish,1
thriftly,1
hardens,1
â¤ï¸ğŸ™ğŸ¼,1
originality,1
annoyances,1
rewrite,1
shoppping,1
nooo,1
ğŸ™ğŸ¼ğŸ’•,1
router,1
legal,1
dock,1
verryyyg,1
bumps,1
hard-earned,1
non-existing,1
unanswered,1
godsend,1
glove,1
latex,1
items/images,1
over-all,1
be.ğŸ˜Œ,1
brands/,1
things/brands,1
roommate,1
117,1
attend,1
overcharges,1
feature/explore,1
criminals,1
honored,1
caregiver,1
depended,1
wave,1
hahaha,1
turnaround,1
shopwiththisvendor,1
revolutionized,1
circumstances,1
re-,1
grody,1
janky,1
scratches,1
itch,1
independent,1
um..,1
-ing,1
*insert,1
jacobs,1
differentiate,1
marc,1
justified,1
instructed,1
burnout,1
ut,1
debut,1
aways,1
numbingly,1
strt,1
culd,1
softly,1
surrounds,1
ğŸ˜­ğŸ’›ğŸ§¡,1
robo,1
invasion,1
pursued,1
unbeatable,1
modified,1
tyoe,1
beeb,1
or/and,1
refusing,1
cheers,1
algorithim,1
completing,1
ugggggggggg,1
dropship,1
nonfuctional,1
stalking,1
astounds,1
inputing,1
refusal,1
ablility,1
understands,1
indicated,1
bubble-less,1
bumpy,1
apples..,1
magnets,1
remote,1
differences,1
business/people,1
gmails,1
ofc,1
equalize,1
extended,1
sans,1
serif,1
impressive,1
retarded,1
ğŸ˜¡ğŸ˜¡ğŸ˜¡,1
educated,1
conversion,1
agent,1
abroad,1
little/immature,1
girls/women,1
extorting,1
glade,1
8months,1
smooth-running,1
specifying,1
approaching,1
infinity,1
slot,1
threadsobsessed,1
predetermined,1
threatening,1
clarity,1
grant,1
73,1
i.,1
offed,1
ğŸ˜”ğŸ˜”,1
fee.,1
prayers,1
sentiment,1
upped,1
electronic,1
